{"stats":{"minecraft:killed_by":{"divinerpg:kobblin":1},"minecraft:custom":{"minecraft:jump":24,"minecraft:leave_game":1,"minecraft:time_since_rest":3792,"minecraft:damage_dealt":6,"minecraft:deaths":1,"minecraft:crouch_one_cm":154,"minecraft:sprint_one_cm":5819,"minecraft:play_time":7773,"minecraft:damage_taken":210,"minecraft:time_since_death":4035,"minecraft:walk_one_cm":6654,"minecraft:sneak_time":30,"minecraft:total_world_time":7773,"minecraft:fly_one_cm":1569},"minecraft:picked_up":{"minecraft:oak_log":15,"integrateddynamics:on_the_dynamics_of_integration":1},"minecraft:mined":{"minecraft:oak_log":15,"minecraft:birch_leaves":1}},"DataVersion":3465}