{"stats":{"minecraft:used":{"minecraft:oak_log":1,"minecraft:dirt":3},"minecraft:killed_by":{"divinerpg:kobblin":1},"minecraft:custom":{"minecraft:time_since_rest":12510,"minecraft:crouch_one_cm":189,"minecraft:deaths":1,"minecraft:sprint_one_cm":10564,"minecraft:play_time":16491,"minecraft:damage_taken":210,"minecraft:walk_one_cm":8212,"minecraft:sneak_time":33,"minecraft:jump":38,"minecraft:damage_dealt":6,"minecraft:leave_game":2,"minecraft:time_since_death":12753,"minecraft:total_world_time":16491,"minecraft:fall_one_cm":627,"minecraft:fly_one_cm":3407},"minecraft:picked_up":{"integrateddynamics:on_the_dynamics_of_integration":1,"minecraft:oak_log":16,"minecraft:dirt":3},"minecraft:mined":{"minecraft:grass_block":1,"minecraft:oak_log":16,"minecraft:dirt":2,"minecraft:birch_leaves":1}},"DataVersion":3465}