{"stats":{"minecraft:used":{"minecraft:oak_log":1,"minecraft:wooden_axe":1,"minecraft:dirt":3,"minecraft:crafting_table":1},"minecraft:crafted":{"minecraft:oak_planks":60,"minecraft:crafting_table":2,"minecraft:stick":36,"minecraft:wooden_axe":1},"minecraft:killed_by":{"divinerpg:kobblin":1},"minecraft:custom":{"minecraft:time_since_rest":19981,"minecraft:deaths":1,"minecraft:crouch_one_cm":189,"minecraft:sprint_one_cm":11745,"minecraft:play_time":23962,"minecraft:damage_taken":440,"minecraft:walk_one_cm":13249,"minecraft:sneak_time":133,"minecraft:damage_dealt_resisted":0,"minecraft:jump":57,"minecraft:damage_dealt":36,"minecraft:leave_game":3,"minecraft:time_since_death":20224,"minecraft:total_world_time":23962,"minecraft:interact_with_crafting_table":1,"minecraft:fall_one_cm":1383,"minecraft:fly_one_cm":4203},"minecraft:picked_up":{"minecraft:crafting_table":1,"integrateddynamics:on_the_dynamics_of_integration":1,"minecraft:oak_log":16,"minecraft:dirt":3},"minecraft:mined":{"minecraft:grass_block":1,"minecraft:oak_log":16,"minecraft:dirt":2,"minecraft:birch_leaves":1,"minecraft:oak_leaves":9,"minecraft:crafting_table":1}},"DataVersion":3465}