{"stats":{"minecraft:used":{"minecraft:stone_sword":22,"minecraft:stone_pickaxe":77,"minecraft:oak_planks":14,"minecraft:wooden_pickaxe":5,"minecraft:cooked_chicken":1,"minecraft:iron_chestplate":1,"minecraft:torch":4,"minecraft:crafting_table":2,"minecraft:bread":3,"minecraft:cobblestone":5,"minecraft:furnace":1,"minecraft:iron_leggings":1},"minecraft:killed":{"minecraft:chicken":1},"minecraft:dropped":{"minecraft:iron_nugget":1,"alexsmobs:animal_dictionary":1,"divinerpg:jungle_shards":3,"minecraft:feather":2,"patchouli:guide_book":4,"minecraft:cobweb":1,"minecraft:dirt":7,"ars_nouveau:worn_notebook":1,"born_in_chaos_v1:corpse_maggot":2,"minecraft:oak_sapling":3,"integrateddynamics:on_the_dynamics_of_integration":1,"minecraft:wooden_pickaxe":1},"minecraft:crafted":{"minecraft:oak_planks":36,"minecraft:crafting_table":2,"minecraft:wooden_pickaxe":1,"minecraft:cooked_chicken":1,"minecraft:furnace":1,"minecraft:stick":4,"minecraft:stone_pickaxe":1,"minecraft:stone_sword":1,"minecraft:torch":4},"minecraft:killed_by":{"divinerpg:kobblin":1,"grimoireofgaia:werecat":1},"minecraft:custom":{"lootr:looted_stat":1,"minecraft:interact_with_furnace":5,"minecraft:mob_kills":1,"minecraft:interact_with_crafting_table":6,"minecraft:leave_game":5,"minecraft:time_since_death":6793,"minecraft:time_since_rest":4394,"minecraft:sprint_one_cm":132086,"minecraft:damage_taken":700,"minecraft:walk_one_cm":69935,"minecraft:drop":15,"minecraft:damage_dealt":529,"minecraft:swim_one_cm":78,"minecraft:talked_to_villager":5,"minecraft:fly_one_cm":50481,"minecraft:crouch_one_cm":267,"minecraft:play_time":30077,"minecraft:deaths":2,"minecraft:sneak_time":79,"minecraft:walk_under_water_one_cm":1110,"minecraft:jump":355,"minecraft:walk_on_water_one_cm":11292,"minecraft:total_world_time":30077,"minecraft:fall_one_cm":6291},"minecraft:picked_up":{"minecraft:birch_log":5,"born_in_chaos_v1:corpse_maggot":2,"minecraft:iron_chestplate":1,"minecraft:feather":4,"minecraft:cooked_beef":4,"minecraft:chicken":1,"integrateddynamics:on_the_dynamics_of_integration":1,"minecraft:lead":1,"minecraft:oak_log":10,"iceandfire:manuscript":12,"minecraft:dirt":7,"minecraft:iron_leggings":1,"minecraft:bone":2,"minecraft:apple":1,"bloodandmadness:blood_vial":1,"minecraft:iron_ingot":2,"minecraft:cobweb":2,"minecraft:iron_nugget":2,"minecraft:birch_sapling":1,"minecraft:furnace":2,"minecraft:stick":2,"iceandfire:ghost_chest":2,"minecraft:copper_ingot":1,"minecraft:bread":5,"minecraft:oak_sapling":3,"minecraft:skeleton_skull":2,"minecraft:coal":114,"minecraft:iron_bars":4,"minecraft:cobblestone":18},"minecraft:mined":{"minecraft:glass_pane":1,"minecraft:grass_block":1,"iceandfire:ghost_chest":1,"minecraft:tall_grass":2,"minecraft:skeleton_skull":1,"minecraft:coarse_dirt":1,"minecraft:furnace":1,"minecraft:birch_log":7,"minecraft:wither_rose":1,"minecraft:grass":3,"minecraft:coal_ore":58,"minecraft:oak_log":9,"minecraft:iron_bars":4,"minecraft:stone":18,"minecraft:oak_leaves":2}},"DataVersion":3465}