{"stats":{"minecraft:custom":{"minecraft:jump":9,"minecraft:time_since_rest":3883,"minecraft:damage_taken":10,"minecraft:leave_game":3,"minecraft:play_time":3883,"minecraft:sprint_one_cm":376,"minecraft:time_since_death":3883,"minecraft:walk_one_cm":1862,"minecraft:total_world_time":3883,"minecraft:interact_with_crafting_table":1,"minecraft:fall_one_cm":753,"minecraft:fly_one_cm":379},"minecraft:picked_up":{"minecraft:oak_log":3,"minecraft:oak_sapling":1,"integrateddynamics:on_the_dynamics_of_integration":1},"minecraft:mined":{"minecraft:oak_log":3,"minecraft:oak_leaves":1}},"DataVersion":3465}