{"stats":{"minecraft:used":{"minecraft:crafting_table":1,"minecraft:wooden_pickaxe":5},"minecraft:crafted":{"minecraft:oak_planks":12,"minecraft:crafting_table":1,"minecraft:stick":4,"minecraft:wooden_pickaxe":1,"minecraft:stone_pickaxe":1},"minecraft:custom":{"minecraft:time_since_rest":10177,"minecraft:sprint_one_cm":34105,"minecraft:play_time":10177,"minecraft:damage_taken":30,"minecraft:walk_one_cm":11119,"minecraft:sneak_time":12,"minecraft:walk_under_water_one_cm":1110,"minecraft:jump":80,"minecraft:time_since_death":10177,"minecraft:leave_game":4,"minecraft:walk_on_water_one_cm":2778,"minecraft:total_world_time":10177,"minecraft:interact_with_crafting_table":4,"minecraft:swim_one_cm":78,"minecraft:talked_to_villager":1,"minecraft:fall_one_cm":1844,"minecraft:fly_one_cm":10439},"minecraft:picked_up":{"minecraft:stick":2,"integrateddynamics:on_the_dynamics_of_integration":1,"minecraft:oak_log":3,"minecraft:oak_sapling":1,"minecraft:cobblestone":5},"minecraft:mined":{"minecraft:oak_log":3,"minecraft:stone":5,"minecraft:oak_leaves":1}},"DataVersion":3465}