{"stats":{"minecraft:used":{"minecraft:stone_sword":22,"minecraft:bread":3,"minecraft:stone_pickaxe":77,"minecraft:wooden_pickaxe":5,"minecraft:cooked_chicken":1,"minecraft:iron_chestplate":1,"minecraft:torch":4,"minecraft:cobblestone":5,"minecraft:crafting_table":2,"minecraft:furnace":1,"minecraft:iron_leggings":1},"minecraft:killed":{"minecraft:chicken":1},"minecraft:crafted":{"minecraft:oak_planks":16,"minecraft:crafting_table":2,"minecraft:stick":4,"minecraft:wooden_pickaxe":1,"minecraft:cooked_chicken":1,"minecraft:stone_pickaxe":1,"minecraft:stone_sword":1,"minecraft:furnace":1,"minecraft:torch":4},"minecraft:dropped":{"ars_nouveau:worn_notebook":1,"alexsmobs:animal_dictionary":1,"integrateddynamics:on_the_dynamics_of_integration":1,"minecraft:wooden_pickaxe":1,"patchouli:guide_book":4},"minecraft:killed_by":{"divinerpg:kobblin":1},"minecraft:custom":{"minecraft:time_since_rest":72,"minecraft:interact_with_furnace":4,"minecraft:sprint_one_cm":89909,"minecraft:damage_taken":355,"minecraft:walk_one_cm":52376,"minecraft:mob_kills":1,"minecraft:drop":8,"minecraft:damage_dealt":501,"minecraft:talked_to_villager":1,"minecraft:swim_one_cm":78,"minecraft:interact_with_crafting_table":6,"minecraft:fly_one_cm":28789,"minecraft:crouch_one_cm":190,"minecraft:deaths":1,"minecraft:play_time":22177,"minecraft:sneak_time":68,"minecraft:walk_under_water_one_cm":1110,"minecraft:jump":211,"minecraft:leave_game":4,"minecraft:walk_on_water_one_cm":6883,"minecraft:time_since_death":2471,"minecraft:total_world_time":22177,"minecraft:fall_one_cm":3282},"minecraft:picked_up":{"minecraft:birch_log":4,"minecraft:cooked_beef":2,"minecraft:chicken":1,"minecraft:stick":2,"minecraft:iron_chestplate":1,"minecraft:feather":2,"iceandfire:ghost_chest":1,"minecraft:copper_ingot":1,"integrateddynamics:on_the_dynamics_of_integration":1,"minecraft:oak_log":4,"iceandfire:manuscript":12,"minecraft:iron_leggings":1,"minecraft:bone":1,"bloodandmadness:blood_vial":1,"minecraft:iron_ingot":1,"minecraft:cobweb":1,"minecraft:iron_nugget":1,"minecraft:bread":5,"minecraft:oak_sapling":1,"minecraft:iron_bars":4,"minecraft:coal":58,"minecraft:skeleton_skull":2,"minecraft:cobblestone":18,"minecraft:furnace":1},"minecraft:mined":{"minecraft:skeleton_skull":1,"minecraft:coarse_dirt":1,"minecraft:glass_pane":1,"minecraft:furnace":1,"minecraft:birch_log":5,"minecraft:wither_rose":1,"minecraft:grass":3,"minecraft:oak_log":4,"minecraft:coal_ore":58,"iceandfire:ghost_chest":1,"minecraft:iron_bars":4,"minecraft:tall_grass":2,"minecraft:stone":18,"minecraft:oak_leaves":2}},"DataVersion":3465}