{"stats":{"minecraft:dropped":{"crafting_on_a_stick:crafting_table":1,"minecraft:wheat_seeds":1,"chococraft:gysahl_green_seeds":1,"minecraft:wooden_pickaxe":1},"minecraft:crafted":{"minecraft:crafting_table":2,"minecraft:stick":40,"minecraft:cooked_chicken":3,"biomesoplenty:redwood_planks":80,"minecraft:wooden_pickaxe":1,"minecraft:wooden_axe":1,"minecraft:stone_sword":1,"minecraft:furnace":1,"minecraft:dark_oak_planks":24,"crafting_on_a_stick:crafting_table":2,"minecraft:air":0},"minecraft:custom":{"minecraft:time_since_rest":19927,"minecraft:interact_with_furnace":4,"minecraft:sprint_one_cm":57759,"minecraft:damage_taken":576,"minecraft:walk_one_cm":59293,"minecraft:mob_kills":3,"minecraft:drop":4,"minecraft:damage_dealt":215,"minecraft:talked_to_villager":1,"minecraft:swim_one_cm":4473,"minecraft:interact_with_crafting_table":2,"minecraft:fly_one_cm":76157,"minecraft:crouch_one_cm":6274,"minecraft:play_time":26924,"minecraft:deaths":1,"minecraft:sneak_time":1311,"minecraft:walk_under_water_one_cm":630,"minecraft:jump":414,"minecraft:walk_on_water_one_cm":2190,"minecraft:time_since_death":21056,"minecraft:total_world_time":26924,"minecraft:fall_one_cm":8850},"minecraft:killed":{"minecraft:chicken":3},"minecraft:used":{"minecraft:wooden_axe":28,"minecraft:stone_sword":14,"minecraft:wooden_pickaxe":22,"minecraft:cooked_chicken":3,"minecraft:dirt":13,"minecraft:crafting_table":1,"minecraft:furnace":2,"chococraft:gysahl_green":3},"minecraft:mined":{"minecraft:furnace":2,"biomesoplenty:lavender":9,"minecraft:dark_oak_log":1,"minecraft:crafting_table":1,"minecraft:grass":11,"biomesoplenty:bush":1,"chococraft:gysahl_green":1,"minecraft:grass_block":5,"biomesoplenty:redwood_log":22,"minecraft:dirt":19,"minecraft:stone":20},"minecraft:killed_by":{"undead_revamp2:thehunter":1},"minecraft:picked_up":{"biomesoplenty:redwood_log":21,"biomesoplenty:lavender":6,"minecraft:stick":1,"minecraft:crafting_table":1,"minecraft:feather":2,"minecraft:chicken":3,"integrateddynamics:on_the_dynamics_of_integration":1,"minecraft:wooden_pickaxe":2,"chococraft:gysahl_green_seeds":1,"minecraft:dark_oak_log":6,"minecraft:dirt":24,"biomesoplenty:redwood_planks":13,"chococraft:gysahl_green":3,"minecraft:wheat_seeds":1,"biomesoplenty:redwood_sapling":2,"minecraft:cobblestone":18,"minecraft:furnace":1}},"DataVersion":3465}