{"stats":{"minecraft:picked_up":{"minecraft:stick":4,"minecraft:feather":2,"minecraft:chicken":1,"minecraft:sweet_berries":22,"minecraft:oak_log":6,"minecraft:spruce_sapling":2,"minecraft:spruce_log":6,"minecraft:dirt":45},"minecraft:killed_by":{"minecraft:spider":1,"divinerpg:kobblin":1},"minecraft:crafted":{"minecraft:oak_planks":12,"minecraft:spruce_planks":24},"minecraft:used":{"minecraft:dirt":14,"minecraft:sweet_berries":9},"minecraft:mined":{"minecraft:grass_block":7,"minecraft:seagrass":1,"minecraft:grass":1,"minecraft:oak_log":6,"minecraft:tall_seagrass":1,"minecraft:dirt":20,"minecraft:sweet_berry_bush":3,"minecraft:spruce_leaves":12,"minecraft:spruce_log":6,"minecraft:oak_leaves":1},"minecraft:killed":{"minecraft:chicken":1},"minecraft:custom":{"minecraft:time_since_rest":17170,"minecraft:damage_taken":655,"minecraft:crouch_one_cm":3049,"minecraft:sprint_one_cm":58083,"minecraft:play_time":31496,"minecraft:deaths":2,"minecraft:walk_one_cm":46567,"minecraft:sneak_time":822,"minecraft:walk_under_water_one_cm":1791,"minecraft:mob_kills":1,"minecraft:jump":377,"minecraft:damage_dealt":192,"minecraft:leave_game":3,"minecraft:walk_on_water_one_cm":8362,"minecraft:time_since_death":17622,"minecraft:total_world_time":31496,"minecraft:swim_one_cm":24667,"minecraft:fall_one_cm":10194,"minecraft:fly_one_cm":53441}},"DataVersion":3465}