{"stats":{"minecraft:dropped":{"ars_nouveau:worn_notebook":1,"alexsmobs:animal_dictionary":1,"patchouli:guide_book":4},"minecraft:killed":{"minecraft:chicken":1},"minecraft:picked_up":{"minecraft:stick":4,"minecraft:leather_chestplate":1,"minecraft:feather":2,"minecraft:chicken":1,"minecraft:sweet_berries":22,"minecraft:oak_log":6,"minecraft:spruce_sapling":2,"minecraft:yellow_bed":1,"minecraft:spruce_log":6,"minecraft:dirt":73,"minecraft:leather_helmet":1,"minecraft:bone":2,"minecraft:arrow":2,"minecraft:bow":1,"minecraft:wheat_seeds":1,"minecraft:iron_boots":1},"minecraft:custom":{"minecraft:time_since_rest":14756,"lootr:looted_stat":4,"minecraft:sprint_one_cm":130910,"minecraft:damage_taken":1087,"minecraft:walk_one_cm":78869,"minecraft:mob_kills":1,"minecraft:drop":6,"minecraft:damage_dealt":215,"minecraft:traded_with_villager":1,"minecraft:talked_to_villager":2,"minecraft:interact_with_crafting_table":4,"minecraft:swim_one_cm":63546,"minecraft:fly_one_cm":128912,"minecraft:open_chest":7,"minecraft:crouch_one_cm":3087,"minecraft:interact_with_loom":1,"minecraft:play_time":49036,"minecraft:deaths":3,"minecraft:sneak_time":832,"minecraft:walk_under_water_one_cm":2871,"minecraft:jump":647,"minecraft:leave_game":3,"minecraft:walk_on_water_one_cm":13605,"minecraft:time_since_death":16351,"minecraft:total_world_time":49036,"minecraft:fall_one_cm":18311},"minecraft:killed_by":{"divinerpg:kobblin":1,"irons_spellbooks:necromancer":1,"minecraft:spider":1},"minecraft:crafted":{"minecraft:wooden_sword":1,"minecraft:oak_planks":24,"minecraft:wooden_shovel":1,"minecraft:crafting_table":1,"minecraft:melon_seeds":1,"minecraft:stick":8,"minecraft:spruce_planks":24,"minecraft:wooden_pickaxe":1,"minecraft:wooden_axe":1,"minecraft:chest":2},"minecraft:mined":{"minecraft:seagrass":1,"minecraft:tall_seagrass":1,"minecraft:sweet_berry_bush":3,"minecraft:spruce_log":6,"minecraft:yellow_bed":1,"minecraft:grass":6,"minecraft:grass_block":35,"minecraft:oak_log":6,"minecraft:dirt":20,"minecraft:spruce_leaves":12,"minecraft:oak_leaves":1},"minecraft:used":{"minecraft:apple":2,"minecraft:bread":1,"minecraft:chest":2,"minecraft:spruce_sapling":2,"minecraft:wooden_shovel":31,"minecraft:golden_helmet":1,"minecraft:stick":1,"minecraft:dirt":22,"minecraft:crafting_table":1,"minecraft:sweet_berries":20,"minecraft:yellow_bed":1}},"DataVersion":3465}