{"stats":{"minecraft:dropped":{"ars_nouveau:worn_notebook":1,"minecraft:wooden_sword":1,"simplytools:stone_hammer":4,"alexsmobs:animal_dictionary":1,"minecraft:stone_shovel":1,"minecraft:rotten_flesh":1,"evilcraft:poison_sac":1,"patchouli:guide_book":4,"mysticalagriculture:inferium_essence":3,"apotheosis:gem":1,"minecraft:wooden_shovel":2,"minecraft:wooden_pickaxe":1},"minecraft:killed":{"grimoireofgaia:minotaurus":1,"minecraft:chicken":1,"divinerpg:kobblin":2,"minecraft:silverfish":4,"aquaculture:perch":1,"minecraft:wandering_trader":2,"minecraft:squid":1,"minecraft:trader_llama":4,"evilcraft:poisonous_libelle":1,"grimoireofgaia:harpy":1},"minecraft:picked_up":{"minecraft:iron_chestplate":1,"minecraft:chicken":1,"minecraft:clay_ball":4,"minecraft:lead":4,"minecraft:stone_brick_wall":1,"cyclic:crafting_stick":1,"minecraft:stone_brick_stairs":3,"minecraft:cornflower":1,"chipped:natural_oak_planks":15,"evilcraft:poison_sac":1,"minecraft:iron_leggings":2,"minecraft:item_frame":1,"mysticalagriculture:inferium_essence":11,"minecraft:gold_nugget":1,"comforts:sleeping_bag_white":2,"minecraft:spruce_planks":8,"simpleores:raw_tin":7,"minecraft:iron_nugget":1,"minecraft:spruce_slab":8,"chipped:versailles_oak_planks":4,"minecraft:sugar_cane":7,"minecraft:spruce_trapdoor":3,"minecraft:iron_boots":2,"minecraft:raw_iron":1,"minecraft:stick":29,"apotheosis:gem":3,"chipped:oak_planks_shavings":3,"minecraft:torch":24,"minecraft:spruce_stairs":1,"aquaculture:perch":1,"chipped:flat_cobblestone_tiles":44,"botania:lime_double_flower":1,"mekanism:raw_tin":2,"minecraft:arrow":2,"minecraft:rotten_flesh":1,"botania:lime_mystical_flower":2,"chipped:crated_oak_planks":9,"untamedwilds:flora_yarrow":8,"minecraft:iron_bars":3,"minecraft:cobblestone":1291,"cyclic:emerald_chestplate":1,"pickletweaks:emerald_leggings":1,"minecraft:leather_chestplate":1,"minecraft:feather":2,"minecraft:andesite":34,"minecraft:leather":5,"minecraft:oak_log":102,"minecraft:yellow_bed":2,"minecraft:cobblestone_wall":7,"chipped:basket_woven_oak_planks":4,"minecraft:dirt":422,"minecraft:lantern":1,"minecraft:bone":2,"chococraft:gysahl_green":2,"minecraft:apple":1,"minecraft:stone_bricks":41,"minecraft:bow":1,"minecraft:wheat_seeds":26,"minecraft:iron_ingot":21,"chipped:wickered_oak_planks":4,"minecraft:book":6,"minecraft:sweet_berries":72,"chipped:diamond_oak_planks":2,"minecraft:spruce_sapling":2,"chococraft:gysahl_green_seeds":1,"minecraft:ink_sac":1,"minecraft:spruce_log":6,"minecraft:leather_helmet":1,"pickletweaks:emerald_boots":1,"minecraft:iron_helmet":1,"minecraft:granite":69,"minecraft:bread":11,"minecraft:oak_sapling":44,"minecraft:coal":25,"pickletweaks:emerald_helmet":1,"minecraft:sunflower":2},"minecraft:custom":{"lootr:looted_stat":5,"minecraft:mob_kills":18,"minecraft:interact_with_crafting_table":19,"minecraft:leave_game":3,"minecraft:time_since_death":190351,"minecraft:climb_one_cm":3763,"minecraft:damage_resisted":0,"minecraft:sprint_one_cm":469211,"minecraft:walk_one_cm":624845,"minecraft:drop":21,"minecraft:talked_to_villager":3,"minecraft:play_time":223036,"minecraft:deaths":3,"minecraft:sneak_time":16762,"minecraft:walk_under_water_one_cm":30905,"minecraft:jump":2649,"minecraft:walk_on_water_one_cm":38295,"minecraft:total_world_time":223036,"minecraft:interact_with_furnace":15,"minecraft:traded_with_villager":1,"minecraft:interact_with_loom":1,"minecraft:sleep_in_bed":19,"minecraft:time_since_rest":0,"minecraft:waystone_activated":1,"minecraft:damage_taken":2094,"minecraft:damage_dealt":3082,"minecraft:swim_one_cm":174289,"minecraft:fly_one_cm":618933,"minecraft:open_chest":52,"minecraft:crouch_one_cm":84126,"tombstone:villager_killed":2,"minecraft:fall_one_cm":68804},"minecraft:killed_by":{"minecraft:spider":1,"divinerpg:kobblin":1,"irons_spellbooks:necromancer":1},"minecraft:crafted":{"minecraft:brick":1,"minecraft:black_dye":1,"minecraft:wooden_sword":1,"minecraft:oak_planks":388,"minecraft:stone_shovel":2,"minecraft:iron_nugget":9,"minecraft:cooked_chicken":1,"minecraft:furnace":1,"minecraft:cobblestone_stairs":4,"simplytools:stone_hammer":1,"minecraft:iron_axe":1,"minecraft:melon_seeds":1,"minecraft:chest":2,"chipped:mason_table":1,"minecraft:wooden_shovel":2,"minecraft:crafting_table":3,"minecraft:spruce_planks":24,"minecraft:wooden_pickaxe":1,"minecraft:iron_sword":1,"chipped:carpenters_table":1,"simplytools:stone_hammer_head":1,"minecraft:air":0,"minecraft:stick":16,"minecraft:iron_ingot":1,"minecraft:iron_pickaxe":1,"minecraft:wooden_axe":1,"minecraft:black_bed":1},"minecraft:mined":{"minecraft:oak_sapling":2,"chipped:flat_cobblestone_tiles":45,"chipped:crated_oak_planks":9,"minecraft:granite":78,"minecraft:grass_block":265,"minecraft:spruce_leaves":12,"mysticalagriculture:inferium_ore":1,"chipped:versailles_oak_planks":4,"minecraft:tall_seagrass":2,"untamedwilds:flora_yarrow":7,"minecraft:iron_ore":1,"minecraft:fire":15,"minecraft:andesite":35,"chococraft:gysahl_green":1,"simpleores:tin_ore":3,"minecraft:stone":1304,"chipped:basket_woven_oak_planks":4,"botania:lime_mystical_flower":1,"chipped:wickered_oak_planks":4,"born_in_chaos_v1:marigolds":1,"chipped:diamond_oak_planks":2,"minecraft:clay":1,"minecraft:cornflower":1,"minecraft:torch":1,"mekanism:tin_ore":2,"minecraft:tall_grass":1,"chipped:oak_planks_shavings":3,"minecraft:sugar_cane":2,"minecraft:wall_torch":2,"minecraft:seagrass":1,"chipped:natural_oak_planks":15,"minecraft:sweet_berry_bush":8,"minecraft:spruce_log":6,"minecraft:yellow_bed":2,"minecraft:grass":126,"minecraft:oak_log":102,"minecraft:coal_ore":25,"minecraft:sunflower":2,"minecraft:dirt":141,"minecraft:oak_leaves":3,"minecraft:infested_stone":1},"minecraft:used":{"minecraft:iron_bars":3,"minecraft:stone_shovel":245,"minecraft:chest":2,"minecraft:iron_sword":56,"minecraft:wooden_shovel":119,"minecraft:cooked_chicken":1,"minecraft:stick":1,"minecraft:torch":21,"minecraft:dirt":326,"botania:lime_double_flower":1,"chipped:crated_oak_planks":360,"chipped:flat_cobblestone_tiles":1079,"minecraft:wooden_axe":48,"minecraft:iron_axe":115,"minecraft:sweet_berries":91,"minecraft:oak_sapling":44,"minecraft:furnace":1,"chipped:basket_woven_oak_planks":4,"comforts:sleeping_bag_white":1,"botania:lime_mystical_flower":2,"minecraft:wooden_pickaxe":49,"chipped:versailles_oak_planks":4,"minecraft:crafting_table":1,"chipped:mason_table":1,"chipped:natural_oak_planks":15,"minecraft:black_bed":1,"simplyswords:iron_greathammer":1,"minecraft:apple":15,"minecraft:bread":12,"minecraft:iron_pickaxe":144,"chipped:oak_planks_shavings":3,"chipped:diamond_oak_planks":2,"minecraft:spruce_trapdoor":1,"simplytools:stone_hammer":1303,"minecraft:spruce_sapling":2,"minecraft:golden_helmet":1,"chipped:wickered_oak_planks":4,"minecraft:wooden_sword":27,"minecraft:cobblestone":1,"minecraft:yellow_bed":1,"chipped:carpenters_table":1,"aquaculture:perch":1}},"DataVersion":3465}