{"stats":{"minecraft:custom":{"minecraft:jump":197,"minecraft:time_since_rest":7927,"minecraft:damage_dealt":32,"minecraft:walk_on_water_one_cm":1952,"minecraft:crouch_one_cm":6206,"minecraft:deaths":1,"minecraft:sprint_one_cm":19405,"minecraft:play_time":14924,"minecraft:damage_taken":470,"minecraft:time_since_death":9056,"minecraft:walk_one_cm":26703,"minecraft:sneak_time":1302,"minecraft:total_world_time":14924,"minecraft:walk_under_water_one_cm":307,"minecraft:swim_one_cm":2984,"minecraft:fall_one_cm":4295,"minecraft:fly_one_cm":38405},"minecraft:used":{"minecraft:dirt":13},"minecraft:mined":{"minecraft:grass_block":3,"minecraft:dirt":16},"minecraft:picked_up":{"integrateddynamics:on_the_dynamics_of_integration":1,"minecraft:dirt":18},"minecraft:killed_by":{"undead_revamp2:thehunter":1}},"DataVersion":3465}