{"stats":{"minecraft:dropped":{"depthcrawler:whiteshard":1,"minecraft:wheat_seeds":1,"minecraft:glass_bottle":1,"minecraft:stone_shovel":1,"chococraft:gysahl_green_seeds":1,"crafting_on_a_stick:crafting_table":1,"minecraft:golden_carrot":2,"mysticalagriculture:inferium_essence":1,"minecraft:wooden_pickaxe":1},"minecraft:crafted":{"minecraft:cooked_beef":1,"minecraft:stone_shovel":1,"minecraft:cooked_porkchop":1,"minecraft:crafting_table":3,"biomesoplenty:redwood_planks":80,"minecraft:wooden_pickaxe":1,"minecraft:cooked_chicken":3,"minecraft:furnace":2,"crafting_on_a_stick:crafting_table":3,"minecraft:cooked_mutton":1,"minecraft:air":0,"minecraft:stick":40,"minecraft:stone_pickaxe":3,"minecraft:wooden_axe":1,"minecraft:stone_sword":1,"minecraft:dark_oak_planks":24},"minecraft:custom":{"minecraft:interact_with_furnace":12,"lootr:looted_stat":3,"minecraft:mob_kills":8,"minecraft:interact_with_crafting_table":2,"minecraft:damage_dealt_resisted":0,"minecraft:leave_game":3,"minecraft:time_since_death":2482,"minecraft:sleep_in_bed":1,"minecraft:time_since_rest":83,"minecraft:sprint_one_cm":268857,"minecraft:damage_taken":1823,"minecraft:walk_one_cm":199780,"minecraft:drop":10,"minecraft:damage_dealt":1896,"minecraft:swim_one_cm":23695,"minecraft:talked_to_villager":1,"minecraft:fly_one_cm":335125,"minecraft:crouch_one_cm":18817,"minecraft:play_time":85859,"minecraft:deaths":4,"minecraft:sneak_time":4143,"minecraft:walk_under_water_one_cm":1688,"minecraft:jump":1484,"minecraft:walk_on_water_one_cm":5957,"minecraft:total_world_time":85859,"minecraft:fall_one_cm":23544},"minecraft:killed":{"minecraft:pig":1,"minecraft:chicken":3,"born_in_chaos_v1:corpse_fly":2,"depthcrawler:nightmaredeep":1,"minecraft:cow":1},"minecraft:used":{"minecraft:stone_sword":64,"minecraft:iron_shovel":15,"minecraft:stone_pickaxe":378,"minecraft:stone_shovel":10,"minecraft:wooden_pickaxe":57,"potionsmaster:bezoar":1,"minecraft:cooked_chicken":3,"minecraft:dirt":40,"minecraft:crafting_table":1,"born_in_chaos_v1:corpse_maggot":4,"minecraft:wooden_axe":40,"minecraft:golden_carrot":3,"minecraft:cobblestone":3,"minecraft:furnace":4,"minecraft:cooked_porkchop":1,"chococraft:gysahl_green":3,"minecraft:egg":1,"minecraft:cooked_beef":1,"minecraft:cooked_mutton":1},"minecraft:mined":{"minecraft:dark_oak_log":1,"minecraft:crafting_table":1,"biomesoplenty:bush":2,"minecraft:grass_block":13,"minecraft:diorite":231,"minecraft:wall_torch":1,"minecraft:furnace":4,"minecraft:fire":1,"biomesoplenty:lavender":9,"minecraft:grass":15,"chococraft:gysahl_green":1,"biomesoplenty:redwood_log":33,"minecraft:dirt":60,"minecraft:stone":197,"minecraft:fern":1,"minecraft:podzol":5},"minecraft:killed_by":{"undead_revamp2:thehunter":1,"grimoireofgaia:dullahan":1,"iceandfire:fire_dragon":1},"minecraft:picked_up":{"biomesoplenty:redwood_log":32,"biomesoplenty:lavender":6,"born_in_chaos_v1:corpse_maggot":4,"minecraft:crafting_table":1,"minecraft:allium":5,"minecraft:feather":2,"minecraft:chicken":3,"integrateddynamics:on_the_dynamics_of_integration":1,"minecraft:leather":1,"minecraft:wooden_pickaxe":2,"ars_nouveau:wilden_wing":2,"minecraft:dirt":79,"chococraft:chocobo_feather":1,"depthcrawler:blackshard":1,"chococraft:gysahl_green":3,"minecraft:wheat_seeds":1,"mysticalagriculture:inferium_essence":3,"minecraft:beef":1,"minecraft:stone_pickaxe":1,"minecraft:glass_bottle":1,"minecraft:iron_sword":1,"minecraft:egg":1,"minecraft:furnace":3,"minecraft:stick":1,"minecraft:torch":2,"potionsmaster:bezoar":1,"minecraft:porkchop":1,"chococraft:gysahl_green_seeds":1,"minecraft:diorite":585,"depthcrawler:whiteshard":1,"minecraft:dark_oak_log":6,"ars_nouveau:wilden_spike":4,"biomesoplenty:redwood_planks":13,"waystones:waystone":1,"biomesoplenty:redwood_sapling":4,"minecraft:mutton":4,"minecraft:cobblestone":243}},"DataVersion":3465}