{"stats":{"minecraft:dropped":{"depthcrawler:whiteshard":1,"minecraft:wheat_seeds":1,"minecraft:stone_shovel":1,"chococraft:gysahl_green_seeds":1,"crafting_on_a_stick:crafting_table":1,"minecraft:golden_carrot":2,"mysticalagriculture:inferium_essence":1,"minecraft:wooden_pickaxe":1},"minecraft:crafted":{"minecraft:stone_shovel":1,"minecraft:crafting_table":3,"biomesoplenty:redwood_planks":80,"minecraft:wooden_pickaxe":1,"minecraft:cooked_chicken":3,"minecraft:furnace":2,"crafting_on_a_stick:crafting_table":3,"minecraft:air":0,"minecraft:stick":40,"minecraft:stone_pickaxe":3,"minecraft:wooden_axe":1,"minecraft:stone_sword":1,"minecraft:dark_oak_planks":24,"minecraft:cooked_beef":1},"minecraft:custom":{"lootr:looted_stat":3,"minecraft:interact_with_furnace":8,"minecraft:mob_kills":6,"minecraft:interact_with_crafting_table":2,"minecraft:damage_dealt_resisted":0,"minecraft:leave_game":2,"minecraft:time_since_death":15409,"minecraft:sleep_in_bed":1,"minecraft:time_since_rest":0,"minecraft:sprint_one_cm":176884,"minecraft:damage_taken":1505,"minecraft:walk_one_cm":167101,"minecraft:drop":9,"minecraft:damage_dealt":739,"minecraft:swim_one_cm":10037,"minecraft:talked_to_villager":1,"minecraft:fly_one_cm":225568,"minecraft:crouch_one_cm":16472,"minecraft:play_time":71715,"minecraft:deaths":3,"minecraft:sneak_time":3599,"minecraft:walk_under_water_one_cm":937,"minecraft:jump":1076,"minecraft:walk_on_water_one_cm":3340,"minecraft:total_world_time":71715,"minecraft:fall_one_cm":17780},"minecraft:killed":{"minecraft:pig":1,"minecraft:chicken":3,"depthcrawler:nightmaredeep":1,"minecraft:cow":1},"minecraft:used":{"minecraft:stone_sword":33,"minecraft:iron_shovel":1,"minecraft:stone_shovel":10,"minecraft:stone_pickaxe":375,"minecraft:wooden_pickaxe":57,"potionsmaster:bezoar":1,"minecraft:cooked_chicken":3,"minecraft:dirt":39,"minecraft:crafting_table":1,"minecraft:wooden_axe":40,"minecraft:golden_carrot":3,"minecraft:cobblestone":3,"minecraft:furnace":3,"chococraft:gysahl_green":3,"minecraft:cooked_beef":1},"minecraft:mined":{"minecraft:podzol":5,"minecraft:dark_oak_log":1,"minecraft:crafting_table":1,"biomesoplenty:bush":1,"minecraft:grass_block":12,"minecraft:diorite":231,"minecraft:furnace":3,"biomesoplenty:lavender":9,"minecraft:grass":12,"chococraft:gysahl_green":1,"biomesoplenty:redwood_log":33,"minecraft:dirt":48,"minecraft:stone":197,"minecraft:fern":1},"minecraft:killed_by":{"undead_revamp2:thehunter":1,"grimoireofgaia:dullahan":1,"iceandfire:fire_dragon":1},"minecraft:picked_up":{"biomesoplenty:redwood_log":32,"biomesoplenty:lavender":6,"minecraft:allium":5,"minecraft:crafting_table":1,"minecraft:feather":2,"minecraft:chicken":3,"integrateddynamics:on_the_dynamics_of_integration":1,"minecraft:leather":1,"minecraft:wooden_pickaxe":2,"minecraft:dirt":66,"chococraft:chocobo_feather":1,"chococraft:gysahl_green":3,"minecraft:wheat_seeds":1,"mysticalagriculture:inferium_essence":2,"minecraft:beef":1,"minecraft:stone_pickaxe":1,"minecraft:furnace":2,"minecraft:stick":1,"minecraft:torch":1,"potionsmaster:bezoar":1,"minecraft:porkchop":1,"chococraft:gysahl_green_seeds":1,"minecraft:diorite":585,"depthcrawler:whiteshard":1,"minecraft:dark_oak_log":6,"ars_nouveau:wilden_spike":4,"biomesoplenty:redwood_planks":13,"biomesoplenty:redwood_sapling":4,"minecraft:mutton":4,"minecraft:cobblestone":243}},"DataVersion":3465}