{"stats":{"minecraft:dropped":{"alexsmobs:animal_dictionary":1,"minecraft:stone_shovel":1,"patchouli:guide_book":4,"ars_nouveau:worn_notebook":1,"mysticalagriculture:inferium_essence":1,"minecraft:wooden_shovel":2,"minecraft:wooden_pickaxe":1,"simplytools:stone_hammer":1},"minecraft:killed":{"minecraft:wandering_trader":2,"minecraft:squid":1,"minecraft:trader_llama":4,"divinerpg:kobblin":1,"minecraft:chicken":1,"grimoireofgaia:harpy":1,"aquaculture:perch":1},"minecraft:picked_up":{"minecraft:iron_chestplate":1,"minecraft:leather_chestplate":1,"minecraft:feather":2,"minecraft:chicken":1,"minecraft:clay_ball":4,"minecraft:leather":3,"minecraft:lead":4,"minecraft:stone_brick_wall":1,"cyclic:crafting_stick":1,"minecraft:stone_brick_stairs":3,"minecraft:oak_log":32,"minecraft:yellow_bed":2,"minecraft:cobblestone_wall":7,"minecraft:cornflower":1,"minecraft:dirt":337,"minecraft:lantern":1,"minecraft:iron_leggings":1,"minecraft:item_frame":1,"minecraft:bone":2,"chococraft:gysahl_green":2,"minecraft:stone_bricks":41,"minecraft:bow":1,"minecraft:wheat_seeds":26,"mysticalagriculture:inferium_essence":8,"comforts:sleeping_bag_white":2,"minecraft:spruce_planks":8,"minecraft:iron_ingot":21,"minecraft:iron_nugget":1,"minecraft:spruce_slab":8,"minecraft:sugar_cane":7,"minecraft:spruce_trapdoor":3,"minecraft:iron_boots":2,"minecraft:book":6,"minecraft:stick":12,"apotheosis:gem":1,"minecraft:sweet_berries":27,"minecraft:torch":22,"minecraft:spruce_stairs":1,"aquaculture:perch":1,"chipped:flat_cobblestone_tiles":30,"minecraft:ink_sac":1,"chococraft:gysahl_green_seeds":1,"botania:lime_double_flower":1,"minecraft:spruce_sapling":2,"minecraft:spruce_log":6,"mekanism:raw_tin":2,"minecraft:leather_helmet":1,"minecraft:arrow":2,"botania:lime_mystical_flower":2,"minecraft:iron_helmet":1,"minecraft:bread":11,"minecraft:oak_sapling":12,"untamedwilds:flora_yarrow":8,"minecraft:coal":20,"minecraft:iron_bars":3,"minecraft:cobblestone":481,"minecraft:sunflower":2},"minecraft:custom":{"minecraft:interact_with_furnace":9,"lootr:looted_stat":5,"minecraft:mob_kills":11,"minecraft:traded_with_villager":1,"minecraft:interact_with_crafting_table":12,"minecraft:interact_with_loom":1,"minecraft:leave_game":3,"minecraft:time_since_death":106351,"minecraft:sleep_in_bed":13,"minecraft:climb_one_cm":2938,"minecraft:time_since_rest":3830,"minecraft:waystone_activated":1,"minecraft:sprint_one_cm":318510,"minecraft:damage_taken":1590,"minecraft:walk_one_cm":354025,"minecraft:drop":12,"minecraft:damage_dealt":2183,"minecraft:swim_one_cm":127866,"minecraft:talked_to_villager":3,"minecraft:fly_one_cm":380221,"minecraft:open_chest":42,"minecraft:crouch_one_cm":15598,"minecraft:play_time":139036,"minecraft:deaths":3,"minecraft:sneak_time":3174,"minecraft:walk_under_water_one_cm":10863,"tombstone:villager_killed":2,"minecraft:jump":1564,"minecraft:walk_on_water_one_cm":27223,"minecraft:total_world_time":139036,"minecraft:fall_one_cm":44683},"minecraft:killed_by":{"irons_spellbooks:necromancer":1,"minecraft:spider":1,"divinerpg:kobblin":1},"minecraft:crafted":{"minecraft:brick":1,"minecraft:black_dye":1,"minecraft:wooden_sword":1,"minecraft:oak_planks":120,"minecraft:wooden_shovel":2,"minecraft:stone_shovel":2,"minecraft:iron_nugget":9,"minecraft:crafting_table":2,"minecraft:spruce_planks":24,"minecraft:wooden_pickaxe":1,"minecraft:iron_sword":1,"minecraft:furnace":1,"minecraft:melon_seeds":1,"minecraft:stick":16,"minecraft:iron_pickaxe":1,"minecraft:wooden_axe":1,"minecraft:chest":2,"minecraft:black_bed":1,"chipped:mason_table":1},"minecraft:mined":{"chipped:flat_cobblestone_tiles":30,"botania:lime_mystical_flower":1,"minecraft:oak_sapling":2,"born_in_chaos_v1:marigolds":1,"minecraft:clay":1,"minecraft:cornflower":1,"minecraft:grass_block":265,"mekanism:tin_ore":2,"minecraft:spruce_leaves":12,"minecraft:sugar_cane":2,"minecraft:wall_torch":1,"mysticalagriculture:inferium_ore":1,"minecraft:seagrass":1,"untamedwilds:flora_yarrow":7,"minecraft:tall_seagrass":2,"minecraft:fire":5,"minecraft:sweet_berry_bush":5,"minecraft:spruce_log":6,"minecraft:yellow_bed":2,"minecraft:grass":120,"chococraft:gysahl_green":1,"minecraft:coal_ore":20,"minecraft:oak_log":32,"minecraft:sunflower":2,"minecraft:dirt":55,"minecraft:stone":482,"minecraft:oak_leaves":2},"minecraft:used":{"minecraft:iron_bars":3,"minecraft:stone_shovel":170,"minecraft:chest":2,"minecraft:wooden_pickaxe":49,"minecraft:iron_sword":21,"minecraft:wooden_shovel":119,"minecraft:stick":1,"minecraft:torch":5,"minecraft:dirt":238,"chipped:mason_table":1,"minecraft:crafting_table":1,"botania:lime_double_flower":1,"minecraft:black_bed":1,"chipped:flat_cobblestone_tiles":207,"simplyswords:iron_greathammer":1,"minecraft:wooden_axe":33,"minecraft:apple":14,"minecraft:bread":10,"minecraft:iron_pickaxe":105,"minecraft:spruce_trapdoor":1,"simplytools:stone_hammer":381,"minecraft:spruce_sapling":2,"minecraft:golden_helmet":1,"minecraft:wooden_sword":27,"minecraft:cobblestone":1,"minecraft:sweet_berries":34,"minecraft:furnace":1,"minecraft:oak_sapling":12,"minecraft:yellow_bed":1,"comforts:sleeping_bag_white":1,"aquaculture:perch":1,"botania:lime_mystical_flower":2}},"DataVersion":3465}