{"stats":{"minecraft:dropped":{"alexsmobs:animal_dictionary":1,"minecraft:stone_shovel":1,"patchouli:guide_book":4,"ars_nouveau:worn_notebook":1,"mysticalagriculture:inferium_essence":1,"minecraft:wooden_shovel":2},"minecraft:killed":{"minecraft:wandering_trader":1,"minecraft:trader_llama":2,"minecraft:chicken":1,"grimoireofgaia:harpy":1},"minecraft:picked_up":{"minecraft:iron_chestplate":1,"minecraft:leather_chestplate":1,"minecraft:feather":2,"minecraft:chicken":1,"minecraft:clay_ball":4,"minecraft:leather":1,"minecraft:lead":2,"minecraft:stone_brick_wall":1,"cyclic:crafting_stick":1,"minecraft:stone_brick_stairs":3,"minecraft:oak_log":32,"minecraft:yellow_bed":1,"minecraft:cobblestone_wall":7,"minecraft:cornflower":1,"minecraft:dirt":337,"minecraft:lantern":1,"minecraft:iron_leggings":1,"minecraft:item_frame":1,"minecraft:bone":2,"chococraft:gysahl_green":2,"minecraft:stone_bricks":41,"minecraft:bow":1,"minecraft:wheat_seeds":26,"mysticalagriculture:inferium_essence":2,"comforts:sleeping_bag_white":2,"minecraft:spruce_planks":8,"minecraft:iron_ingot":21,"minecraft:iron_nugget":1,"minecraft:spruce_slab":8,"minecraft:sugar_cane":7,"minecraft:spruce_trapdoor":3,"minecraft:iron_boots":2,"minecraft:book":6,"minecraft:stick":12,"apotheosis:gem":1,"minecraft:sweet_berries":27,"minecraft:torch":21,"minecraft:spruce_stairs":1,"chococraft:gysahl_green_seeds":1,"botania:lime_double_flower":1,"minecraft:spruce_sapling":2,"minecraft:spruce_log":6,"minecraft:leather_helmet":1,"minecraft:arrow":2,"botania:lime_mystical_flower":2,"minecraft:iron_helmet":1,"minecraft:bread":11,"minecraft:oak_sapling":12,"untamedwilds:flora_yarrow":8,"minecraft:coal":1,"minecraft:iron_bars":3,"minecraft:cobblestone":119,"minecraft:sunflower":2},"minecraft:custom":{"minecraft:interact_with_furnace":6,"lootr:looted_stat":5,"minecraft:mob_kills":5,"minecraft:traded_with_villager":1,"minecraft:interact_with_crafting_table":12,"minecraft:interact_with_loom":1,"minecraft:leave_game":3,"minecraft:time_since_death":76351,"minecraft:sleep_in_bed":5,"minecraft:climb_one_cm":2938,"minecraft:time_since_rest":9326,"minecraft:sprint_one_cm":261612,"minecraft:damage_taken":1379,"minecraft:walk_one_cm":259187,"minecraft:drop":10,"minecraft:damage_dealt":915,"minecraft:swim_one_cm":106982,"minecraft:talked_to_villager":2,"minecraft:fly_one_cm":312722,"minecraft:open_chest":30,"minecraft:crouch_one_cm":4750,"minecraft:play_time":109036,"minecraft:deaths":3,"minecraft:sneak_time":1186,"minecraft:walk_under_water_one_cm":6590,"tombstone:villager_killed":1,"minecraft:jump":1305,"minecraft:walk_on_water_one_cm":23718,"minecraft:total_world_time":109036,"minecraft:fall_one_cm":38659},"minecraft:killed_by":{"irons_spellbooks:necromancer":1,"minecraft:spider":1,"divinerpg:kobblin":1},"minecraft:crafted":{"minecraft:brick":1,"minecraft:wooden_sword":1,"minecraft:oak_planks":88,"minecraft:wooden_shovel":2,"minecraft:stone_shovel":2,"minecraft:iron_nugget":9,"minecraft:crafting_table":2,"minecraft:spruce_planks":24,"minecraft:wooden_pickaxe":1,"minecraft:furnace":1,"minecraft:melon_seeds":1,"minecraft:stick":16,"minecraft:iron_pickaxe":1,"minecraft:wooden_axe":1,"minecraft:chest":2,"chipped:mason_table":1},"minecraft:mined":{"botania:lime_mystical_flower":1,"minecraft:oak_sapling":2,"born_in_chaos_v1:marigolds":1,"minecraft:clay":1,"minecraft:cornflower":1,"minecraft:grass_block":265,"minecraft:spruce_leaves":12,"minecraft:sugar_cane":2,"minecraft:seagrass":1,"untamedwilds:flora_yarrow":7,"minecraft:tall_seagrass":2,"minecraft:fire":4,"minecraft:sweet_berry_bush":5,"minecraft:spruce_log":6,"minecraft:yellow_bed":1,"minecraft:grass":118,"chococraft:gysahl_green":1,"minecraft:coal_ore":1,"minecraft:oak_log":32,"minecraft:sunflower":2,"minecraft:dirt":55,"minecraft:stone":119,"minecraft:oak_leaves":2},"minecraft:used":{"minecraft:iron_bars":3,"minecraft:stone_shovel":170,"minecraft:chest":2,"minecraft:wooden_pickaxe":49,"minecraft:wooden_shovel":119,"minecraft:stick":1,"minecraft:torch":2,"minecraft:dirt":238,"chipped:mason_table":1,"minecraft:crafting_table":1,"botania:lime_double_flower":1,"chipped:flat_cobblestone_tiles":26,"simplyswords:iron_greathammer":1,"minecraft:wooden_axe":33,"minecraft:apple":14,"minecraft:bread":4,"minecraft:iron_pickaxe":62,"minecraft:spruce_trapdoor":1,"simplytools:stone_hammer":9,"minecraft:spruce_sapling":2,"minecraft:golden_helmet":1,"minecraft:wooden_sword":24,"minecraft:sweet_berries":34,"minecraft:furnace":1,"minecraft:oak_sapling":12,"minecraft:yellow_bed":1,"comforts:sleeping_bag_white":1,"botania:lime_mystical_flower":2}},"DataVersion":3465}