{"stats":{"minecraft:killed":{"minecraft:chicken":1},"minecraft:picked_up":{"minecraft:stick":4,"minecraft:feather":2,"minecraft:chicken":1,"minecraft:sweet_berries":22,"minecraft:oak_log":6,"minecraft:spruce_sapling":2,"minecraft:spruce_log":6,"minecraft:dirt":45},"minecraft:custom":{"minecraft:damage_taken":945,"minecraft:play_time":37036,"minecraft:time_since_rest":2756,"minecraft:crouch_one_cm":3049,"minecraft:sprint_one_cm":102899,"minecraft:walk_one_cm":53272,"minecraft:deaths":3,"minecraft:sneak_time":822,"minecraft:walk_under_water_one_cm":2421,"minecraft:mob_kills":1,"minecraft:jump":490,"minecraft:damage_dealt":192,"minecraft:leave_game":3,"minecraft:time_since_death":4351,"minecraft:walk_on_water_one_cm":12419,"minecraft:total_world_time":37036,"minecraft:swim_one_cm":51946,"minecraft:fall_one_cm":13766,"minecraft:fly_one_cm":85361},"minecraft:killed_by":{"minecraft:spider":1,"divinerpg:kobblin":1,"irons_spellbooks:necromancer":1},"minecraft:crafted":{"minecraft:oak_planks":12,"minecraft:spruce_planks":24},"minecraft:mined":{"minecraft:seagrass":1,"minecraft:grass":1,"minecraft:grass_block":7,"minecraft:tall_seagrass":1,"minecraft:oak_log":6,"minecraft:dirt":20,"minecraft:sweet_berry_bush":3,"minecraft:spruce_leaves":12,"minecraft:spruce_log":6,"minecraft:oak_leaves":1},"minecraft:used":{"minecraft:dirt":14,"minecraft:sweet_berries":12}},"DataVersion":3465}