{"stats":{"minecraft:dropped":{"depthcrawler:whiteshard":1,"crafting_on_a_stick:crafting_table":1,"minecraft:wheat_seeds":1,"chococraft:gysahl_green_seeds":1,"minecraft:wooden_pickaxe":1},"minecraft:crafted":{"minecraft:crafting_table":2,"minecraft:stick":40,"minecraft:cooked_chicken":3,"biomesoplenty:redwood_planks":80,"minecraft:wooden_pickaxe":1,"minecraft:stone_pickaxe":2,"minecraft:wooden_axe":1,"minecraft:stone_sword":1,"minecraft:furnace":1,"minecraft:dark_oak_planks":24,"crafting_on_a_stick:crafting_table":2,"minecraft:air":0},"minecraft:custom":{"minecraft:time_since_rest":1,"minecraft:interact_with_furnace":5,"minecraft:sprint_one_cm":68638,"minecraft:damage_taken":756,"minecraft:walk_one_cm":88307,"minecraft:mob_kills":3,"minecraft:drop":5,"minecraft:damage_dealt":215,"minecraft:talked_to_villager":1,"minecraft:swim_one_cm":6288,"minecraft:interact_with_crafting_table":2,"minecraft:fly_one_cm":116863,"minecraft:crouch_one_cm":6458,"minecraft:play_time":38924,"minecraft:deaths":2,"minecraft:sneak_time":1337,"minecraft:walk_under_water_one_cm":789,"minecraft:jump":560,"minecraft:walk_on_water_one_cm":3071,"minecraft:time_since_death":2235,"minecraft:total_world_time":38924,"minecraft:fall_one_cm":9679},"minecraft:killed":{"minecraft:chicken":3},"minecraft:used":{"minecraft:wooden_axe":28,"minecraft:stone_sword":14,"minecraft:stone_pickaxe":258,"minecraft:wooden_pickaxe":57,"minecraft:cooked_chicken":3,"minecraft:dirt":15,"minecraft:crafting_table":1,"minecraft:furnace":2,"chococraft:gysahl_green":3},"minecraft:mined":{"minecraft:furnace":2,"biomesoplenty:lavender":9,"minecraft:dark_oak_log":1,"minecraft:crafting_table":1,"minecraft:grass":11,"biomesoplenty:bush":1,"chococraft:gysahl_green":1,"minecraft:grass_block":5,"biomesoplenty:redwood_log":22,"minecraft:dirt":19,"minecraft:stone":172,"minecraft:diorite":141},"minecraft:killed_by":{"undead_revamp2:thehunter":1,"grimoireofgaia:dullahan":1},"minecraft:picked_up":{"biomesoplenty:redwood_log":21,"biomesoplenty:lavender":6,"minecraft:stick":1,"minecraft:crafting_table":1,"minecraft:feather":2,"minecraft:chicken":3,"integrateddynamics:on_the_dynamics_of_integration":1,"minecraft:torch":1,"minecraft:wooden_pickaxe":2,"chococraft:gysahl_green_seeds":1,"minecraft:diorite":239,"depthcrawler:whiteshard":1,"minecraft:dark_oak_log":6,"minecraft:dirt":29,"biomesoplenty:redwood_planks":13,"chococraft:gysahl_green":3,"minecraft:wheat_seeds":1,"biomesoplenty:redwood_sapling":2,"minecraft:cobblestone":193,"minecraft:furnace":1}},"DataVersion":3465}