{"stats":{"minecraft:killed_by":{"minecraft:spider":1,"divinerpg:kobblin":1,"grimoireofgaia:cecaelia":1,"irons_spellbooks:necromancer":2},"minecraft:custom":{"lootr:looted_stat":5,"minecraft:mob_kills":35,"minecraft:interact_with_crafting_table":27,"minecraft:damage_dealt_resisted":174,"minecraft:leave_game":6,"minecraft:time_since_death":5178,"minecraft:climb_one_cm":5143,"minecraft:damage_resisted":0,"minecraft:sprint_one_cm":737885,"minecraft:walk_one_cm":979367,"minecraft:drop":37,"minecraft:talked_to_villager":4,"minecraft:play_time":335948,"minecraft:deaths":5,"minecraft:sneak_time":20842,"minecraft:walk_under_water_one_cm":39493,"minecraft:jump":4394,"minecraft:walk_on_water_one_cm":60404,"minecraft:total_world_time":335948,"minecraft:interact_with_furnace":30,"minecraft:traded_with_villager":1,"minecraft:interact_with_loom":1,"minecraft:sleep_in_bed":29,"minecraft:time_since_rest":3397,"minecraft:waystone_activated":1,"minecraft:damage_taken":3155,"minecraft:damage_dealt":7600,"minecraft:swim_one_cm":262847,"minecraft:fly_one_cm":1039469,"minecraft:open_chest":87,"minecraft:crouch_one_cm":105500,"tombstone:undead_killed":7,"tombstone:villager_killed":3,"minecraft:fall_one_cm":105243},"minecraft:dropped":{"ars_nouveau:worn_notebook":1,"minecraft:wooden_sword":1,"minecraft:iron_axe":1,"simplytools:stone_hammer":7,"alexsmobs:animal_dictionary":1,"minecraft:stone_shovel":2,"minecraft:rotten_flesh":3,"evilcraft:poison_sac":1,"evilcraft:flesh_humanoid":1,"patchouli:guide_book":4,"mysticalagriculture:inferium_essence":11,"apotheosis:gem":1,"minecraft:wooden_shovel":2,"minecraft:wooden_pickaxe":1},"minecraft:picked_up":{"irons_spellbooks:scroll":1,"minecraft:crafting_table":1,"minecraft:iron_chestplate":1,"minecraft:chicken":1,"minecraft:clay_ball":4,"minecraft:lead":6,"minecraft:stone_brick_wall":1,"cyclic:crafting_stick":1,"minecraft:stone_brick_stairs":3,"minecraft:cornflower":1,"ars_nouveau:archwood_planks":2,"chipped:natural_oak_planks":18,"evilcraft:poison_sac":1,"minecraft:iron_leggings":2,"minecraft:item_frame":1,"mysticalagriculture:inferium_essence":19,"minecraft:gold_nugget":1,"comforts:sleeping_bag_white":2,"minecraft:spruce_planks":9,"simpleores:raw_tin":7,"minecraft:iron_nugget":4,"minecraft:spruce_slab":8,"chipped:versailles_oak_planks":4,"minecraft:sugar_cane":7,"minecraft:spruce_trapdoor":3,"minecraft:furnace":2,"minecraft:iron_boots":3,"chipped:mason_table":1,"minecraft:tipped_arrow":1,"minecraft:stick":49,"minecraft:raw_iron":1,"apotheosis:gem":4,"chipped:oak_planks_shavings":3,"untamedwilds:flora_common_reed":2,"minecraft:torch":25,"minecraft:spruce_stairs":1,"aquaculture:perch":1,"chipped:flat_cobblestone_tiles":58,"botania:lime_double_flower":1,"born_in_chaos_v1:nightmare_claw":1,"minecraft:carrot":1,"mekanism:raw_tin":2,"minecraft:arrow":2,"minecraft:rotten_flesh":3,"botania:lime_mystical_flower":2,"chipped:crated_oak_planks":24,"minecraft:pink_tulip":1,"untamedwilds:flora_yarrow":8,"minecraft:iron_bars":3,"minecraft:cobblestone":1291,"cyclic:emerald_chestplate":1,"pickletweaks:emerald_leggings":1,"born_in_chaos_v1:corpse_maggot":2,"minecraft:leather_chestplate":1,"minecraft:feather":2,"born_in_chaos_v1:monster_flesh":3,"minecraft:andesite":34,"minecraft:black_bed":1,"minecraft:leather":9,"minecraft:golden_leggings":1,"minecraft:potato":1,"forbidden_arcanus:aurum_log":5,"minecraft:oak_log":246,"minecraft:cobblestone_wall":7,"minecraft:yellow_bed":2,"minecraft:gunpowder":1,"chipped:basket_woven_oak_planks":4,"minecraft:dirt":486,"forbidden_arcanus:aurum_sapling":3,"minecraft:lantern":1,"born_in_chaos_v1:monster_skin":3,"minecraft:glass":5,"minecraft:bone":3,"chococraft:gysahl_green":2,"minecraft:apple":6,"minecraft:stone_bricks":41,"minecraft:bow":2,"minecraft:wheat_seeds":26,"minecraft:iron_ingot":21,"chipped:wickered_oak_planks":4,"minecraft:book":6,"minecraft:sweet_berries":96,"chipped:diamond_oak_planks":2,"born_in_chaos_v1:ethereal_spirit":1,"minecraft:sand":169,"chococraft:gysahl_green_seeds":1,"minecraft:spruce_sapling":2,"minecraft:ink_sac":1,"minecraft:spruce_log":6,"minecraft:leather_helmet":1,"chipped:carpenters_table":1,"pickletweaks:emerald_boots":1,"minecraft:iron_helmet":1,"minecraft:granite":69,"minecraft:bread":11,"tombstone:magic_scroll":1,"minecraft:oak_sapling":91,"minecraft:coal":25,"minecraft:sunflower":2,"pickletweaks:emerald_helmet":1},"minecraft:used":{"minecraft:iron_bars":3,"minecraft:iron_shovel":137,"minecraft:stone_shovel":250,"minecraft:spruce_planks":2,"minecraft:chest":4,"minecraft:iron_sword":182,"minecraft:wooden_shovel":119,"minecraft:cooked_chicken":1,"minecraft:stick":1,"minecraft:torch":29,"minecraft:dirt":399,"botania:lime_double_flower":1,"chipped:crated_oak_planks":881,"chipped:flat_cobblestone_tiles":1133,"minecraft:wooden_axe":48,"minecraft:iron_axe":326,"connectedglass:borderless_glass_pane":257,"minecraft:sweet_berries":122,"minecraft:oak_sapling":70,"minecraft:furnace":3,"chipped:basket_woven_oak_planks":4,"tombstone:gift":4,"comforts:sleeping_bag_white":1,"minecraft:potato":21,"botania:lime_mystical_flower":2,"minecraft:water_bucket":4,"minecraft:pink_tulip":1,"minecraft:wooden_pickaxe":49,"chipped:versailles_oak_planks":4,"untamedwilds:flora_common_reed":2,"chipped:mason_table":2,"minecraft:crafting_table":2,"forbidden_arcanus:aurum_sapling":3,"chipped:natural_oak_planks":18,"minecraft:black_bed":2,"simplyswords:iron_greathammer":1,"minecraft:wooden_hoe":24,"minecraft:apple":20,"minecraft:bread":26,"minecraft:iron_pickaxe":160,"minecraft:spruce_trapdoor":1,"simplytools:stone_hammer":1303,"minecraft:spruce_sapling":2,"chipped:oak_planks_shavings":3,"chipped:diamond_oak_planks":2,"minecraft:golden_helmet":1,"chipped:wickered_oak_planks":4,"minecraft:wooden_sword":27,"minecraft:cobblestone":1,"minecraft:bucket":4,"minecraft:glass_pane":4,"minecraft:yellow_bed":1,"chipped:carpenters_table":2,"aquaculture:perch":1},"minecraft:mined":{"minecraft:spruce_planks":1,"connectedglass:borderless_glass_pane":1,"minecraft:oak_sapling":4,"chipped:flat_cobblestone_tiles":59,"chipped:mason_table":1,"chipped:crated_oak_planks":24,"farmersdelight:wild_carrots":1,"minecraft:granite":78,"minecraft:grass_block":271,"minecraft:spruce_leaves":12,"chipped:versailles_oak_planks":4,"mysticalagriculture:inferium_ore":1,"untamedwilds:flora_yarrow":7,"minecraft:tall_seagrass":2,"minecraft:furnace":2,"minecraft:iron_ore":1,"minecraft:fire":20,"minecraft:andesite":35,"chococraft:gysahl_green":1,"minecraft:pink_tulip":1,"simpleores:tin_ore":3,"minecraft:stone":1304,"chipped:basket_woven_oak_planks":4,"botania:lime_mystical_flower":1,"chipped:wickered_oak_planks":4,"minecraft:glass_pane":4,"born_in_chaos_v1:marigolds":1,"chipped:diamond_oak_planks":2,"minecraft:clay":1,"minecraft:cornflower":1,"minecraft:crafting_table":1,"minecraft:torch":2,"untamedwilds:flora_common_reed":1,"mekanism:tin_ore":2,"chipped:carpenters_table":1,"minecraft:tall_grass":1,"chipped:oak_planks_shavings":3,"minecraft:sugar_cane":2,"minecraft:wall_torch":2,"minecraft:seagrass":2,"chipped:natural_oak_planks":18,"forbidden_arcanus:aurum_log":5,"minecraft:sweet_berry_bush":9,"minecraft:spruce_log":6,"minecraft:black_bed":1,"minecraft:yellow_bed":2,"minecraft:grass":133,"minecraft:oak_log":249,"minecraft:coal_ore":25,"minecraft:dirt":187,"minecraft:sunflower":2,"minecraft:sand":134,"minecraft:oak_leaves":11,"minecraft:infested_stone":1},"minecraft:killed":{"irons_spellbooks:summoned_zombie":1,"minecraft:spider":1,"grimoireofgaia:minotaurus":1,"grimoireofgaia:centaur":3,"minecraft:skeleton":1,"minecraft:chicken":1,"divinerpg:kobblin":2,"minecraft:silverfish":4,"aquaculture:perch":1,"irons_spellbooks:summoned_skeleton":2,"minecraft:zombie_villager":1,"minecraft:wandering_trader":3,"irons_spellbooks:necromancer":1,"minecraft:squid":1,"minecraft:creeper":1,"minecraft:trader_llama":6,"minecraft:zombie":1,"evilcraft:poisonous_libelle":1,"born_in_chaos_v1:corpse_fly":1,"grimoireofgaia:harpy":1,"born_in_chaos_v1:nightmare_stalker":1},"minecraft:crafted":{"minecraft:brick":1,"minecraft:black_dye":1,"minecraft:wooden_sword":1,"minecraft:oak_planks":948,"minecraft:stone_shovel":2,"minecraft:iron_nugget":9,"minecraft:cooked_chicken":1,"minecraft:furnace":1,"minecraft:cobblestone_stairs":4,"minecraft:glass_pane":128,"minecraft:glass":94,"simplytools:stone_hammer":1,"minecraft:iron_axe":1,"minecraft:melon_seeds":1,"minecraft:chest":2,"chipped:mason_table":1,"minecraft:wooden_shovel":2,"minecraft:crafting_table":3,"minecraft:spruce_planks":24,"minecraft:wooden_pickaxe":1,"minecraft:iron_sword":1,"connectedglass:borderless_glass_pane":124,"chipped:carpenters_table":1,"simplytools:stone_hammer_head":1,"minecraft:air":0,"minecraft:stick":16,"minecraft:iron_ingot":1,"minecraft:iron_pickaxe":1,"minecraft:compass":1,"minecraft:wooden_axe":1,"minecraft:iron_shovel":2,"minecraft:black_bed":1,"forbidden_arcanus:aurum_planks":20,"minecraft:torch":48}},"DataVersion":3465}