{"stats":{"minecraft:dropped":{"alexsmobs:animal_dictionary":1,"patchouli:guide_book":4,"ars_nouveau:worn_notebook":1,"minecraft:wooden_shovel":1},"minecraft:killed":{"minecraft:chicken":1},"minecraft:picked_up":{"minecraft:leather_chestplate":1,"minecraft:feather":2,"minecraft:chicken":1,"minecraft:clay_ball":4,"minecraft:stone_brick_wall":1,"minecraft:stone_brick_stairs":3,"minecraft:oak_log":22,"minecraft:yellow_bed":1,"minecraft:cobblestone_wall":7,"minecraft:dirt":123,"minecraft:lantern":1,"minecraft:item_frame":1,"minecraft:bone":2,"minecraft:stone_bricks":41,"minecraft:bow":1,"minecraft:wheat_seeds":2,"minecraft:spruce_planks":8,"minecraft:spruce_slab":8,"minecraft:spruce_trapdoor":3,"minecraft:iron_boots":1,"minecraft:book":6,"minecraft:stick":10,"apotheosis:gem":1,"minecraft:sweet_berries":25,"minecraft:torch":21,"minecraft:spruce_stairs":1,"botania:lime_double_flower":1,"minecraft:spruce_sapling":2,"minecraft:spruce_log":6,"minecraft:leather_helmet":1,"minecraft:arrow":2,"botania:lime_mystical_flower":1,"minecraft:oak_sapling":8,"minecraft:iron_bars":3,"minecraft:cobblestone":21},"minecraft:custom":{"lootr:looted_stat":5,"minecraft:mob_kills":1,"minecraft:traded_with_villager":1,"minecraft:interact_with_crafting_table":6,"minecraft:interact_with_loom":1,"minecraft:leave_game":3,"minecraft:time_since_death":28351,"minecraft:sleep_in_bed":1,"minecraft:climb_one_cm":2938,"minecraft:time_since_rest":7574,"minecraft:sprint_one_cm":167396,"minecraft:damage_taken":1327,"minecraft:walk_one_cm":112633,"minecraft:drop":7,"minecraft:damage_dealt":215,"minecraft:swim_one_cm":75752,"minecraft:talked_to_villager":2,"minecraft:fly_one_cm":184324,"minecraft:open_chest":11,"minecraft:crouch_one_cm":3087,"minecraft:play_time":61036,"minecraft:deaths":3,"minecraft:sneak_time":871,"minecraft:walk_under_water_one_cm":4215,"minecraft:jump":850,"minecraft:walk_on_water_one_cm":16022,"minecraft:total_world_time":61036,"minecraft:fall_one_cm":26129},"minecraft:killed_by":{"irons_spellbooks:necromancer":1,"minecraft:spider":1,"divinerpg:kobblin":1},"minecraft:crafted":{"minecraft:wooden_sword":1,"minecraft:oak_planks":88,"minecraft:wooden_shovel":2,"minecraft:crafting_table":1,"minecraft:spruce_planks":24,"minecraft:wooden_pickaxe":1,"minecraft:melon_seeds":1,"minecraft:stick":8,"minecraft:wooden_axe":1,"minecraft:chest":2},"minecraft:mined":{"minecraft:oak_sapling":2,"minecraft:clay":1,"minecraft:grass_block":69,"minecraft:spruce_leaves":12,"minecraft:seagrass":1,"minecraft:tall_seagrass":2,"minecraft:sweet_berry_bush":4,"minecraft:spruce_log":6,"minecraft:yellow_bed":1,"minecraft:grass":8,"minecraft:oak_log":22,"minecraft:dirt":38,"minecraft:stone":22,"minecraft:oak_leaves":1},"minecraft:used":{"minecraft:iron_bars":3,"minecraft:chest":2,"minecraft:wooden_pickaxe":22,"minecraft:wooden_shovel":81,"minecraft:stick":1,"minecraft:dirt":28,"minecraft:crafting_table":1,"botania:lime_double_flower":1,"minecraft:wooden_axe":20,"minecraft:apple":9,"minecraft:bread":1,"minecraft:spruce_sapling":2,"minecraft:golden_helmet":1,"minecraft:wooden_sword":1,"minecraft:sweet_berries":32,"minecraft:oak_sapling":8,"minecraft:yellow_bed":1,"botania:lime_mystical_flower":1}},"DataVersion":3465}