{"stats":{"minecraft:dropped":{"depthcrawler:whiteshard":1,"crafting_on_a_stick:crafting_table":1,"minecraft:wheat_seeds":1,"mysticalagriculture:inferium_essence":1,"chococraft:gysahl_green_seeds":1,"minecraft:wooden_pickaxe":1},"minecraft:crafted":{"minecraft:crafting_table":2,"minecraft:stick":40,"biomesoplenty:redwood_planks":80,"minecraft:wooden_pickaxe":1,"minecraft:cooked_chicken":3,"minecraft:stone_pickaxe":2,"minecraft:wooden_axe":1,"minecraft:stone_sword":1,"minecraft:furnace":1,"minecraft:dark_oak_planks":24,"crafting_on_a_stick:crafting_table":2,"minecraft:air":0},"minecraft:custom":{"minecraft:time_since_rest":8607,"minecraft:sprint_one_cm":86174,"minecraft:interact_with_furnace":5,"minecraft:damage_taken":929,"minecraft:walk_one_cm":107837,"minecraft:mob_kills":3,"minecraft:drop":6,"minecraft:damage_dealt":316,"minecraft:swim_one_cm":6288,"minecraft:interact_with_crafting_table":2,"minecraft:fly_one_cm":136110,"minecraft:talked_to_villager":1,"minecraft:crouch_one_cm":7366,"minecraft:play_time":47695,"minecraft:deaths":2,"minecraft:sneak_time":1525,"minecraft:walk_under_water_one_cm":789,"minecraft:damage_dealt_resisted":0,"minecraft:jump":682,"minecraft:leave_game":2,"minecraft:time_since_death":11006,"minecraft:walk_on_water_one_cm":3071,"minecraft:total_world_time":47695,"minecraft:fall_one_cm":12096},"minecraft:killed":{"minecraft:chicken":3},"minecraft:used":{"minecraft:wooden_axe":40,"minecraft:stone_sword":17,"minecraft:stone_pickaxe":365,"minecraft:wooden_pickaxe":57,"minecraft:cooked_chicken":3,"minecraft:dirt":15,"minecraft:crafting_table":1,"minecraft:furnace":2,"chococraft:gysahl_green":3},"minecraft:mined":{"minecraft:furnace":2,"biomesoplenty:lavender":9,"minecraft:dark_oak_log":1,"minecraft:crafting_table":1,"biomesoplenty:bush":1,"minecraft:grass":11,"minecraft:grass_block":5,"chococraft:gysahl_green":1,"biomesoplenty:redwood_log":33,"minecraft:dirt":21,"minecraft:stone":189,"minecraft:diorite":231,"minecraft:podzol":2},"minecraft:killed_by":{"undead_revamp2:thehunter":1,"grimoireofgaia:dullahan":1},"minecraft:picked_up":{"biomesoplenty:lavender":6,"biomesoplenty:redwood_log":32,"minecraft:stick":1,"minecraft:crafting_table":1,"minecraft:feather":2,"minecraft:chicken":3,"integrateddynamics:on_the_dynamics_of_integration":1,"minecraft:torch":1,"minecraft:wooden_pickaxe":2,"chococraft:gysahl_green_seeds":1,"minecraft:diorite":329,"depthcrawler:whiteshard":1,"minecraft:dark_oak_log":6,"minecraft:dirt":33,"biomesoplenty:redwood_planks":13,"chococraft:gysahl_green":3,"minecraft:wheat_seeds":1,"mysticalagriculture:inferium_essence":1,"minecraft:stone_pickaxe":1,"biomesoplenty:redwood_sapling":2,"minecraft:cobblestone":194,"minecraft:furnace":1}},"DataVersion":3465}