{"stats":{"minecraft:dropped":{"alexsmobs:animal_dictionary":1,"minecraft:stone_shovel":1,"patchouli:guide_book":4,"ars_nouveau:worn_notebook":1,"mysticalagriculture:inferium_essence":1,"minecraft:wooden_shovel":2},"minecraft:killed":{"minecraft:wandering_trader":1,"minecraft:trader_llama":2,"minecraft:chicken":1},"minecraft:picked_up":{"minecraft:leather_chestplate":1,"minecraft:feather":2,"minecraft:chicken":1,"minecraft:clay_ball":4,"minecraft:leather":1,"minecraft:lead":2,"minecraft:stone_brick_wall":1,"minecraft:stone_brick_stairs":3,"minecraft:oak_log":32,"minecraft:yellow_bed":1,"minecraft:cobblestone_wall":7,"minecraft:cornflower":1,"minecraft:dirt":325,"minecraft:lantern":1,"minecraft:item_frame":1,"minecraft:bone":2,"chococraft:gysahl_green":2,"minecraft:stone_bricks":41,"minecraft:bow":1,"minecraft:wheat_seeds":25,"mysticalagriculture:inferium_essence":2,"comforts:sleeping_bag_white":2,"minecraft:spruce_planks":8,"minecraft:iron_ingot":2,"minecraft:spruce_slab":8,"minecraft:sugar_cane":7,"minecraft:spruce_trapdoor":3,"minecraft:iron_boots":1,"minecraft:book":6,"minecraft:stick":12,"apotheosis:gem":1,"minecraft:sweet_berries":27,"minecraft:torch":21,"minecraft:spruce_stairs":1,"chococraft:gysahl_green_seeds":1,"botania:lime_double_flower":1,"minecraft:spruce_sapling":2,"minecraft:spruce_log":6,"minecraft:leather_helmet":1,"minecraft:arrow":2,"botania:lime_mystical_flower":2,"minecraft:oak_sapling":12,"untamedwilds:flora_yarrow":8,"minecraft:iron_bars":3,"minecraft:cobblestone":36,"minecraft:sunflower":2},"minecraft:custom":{"minecraft:interact_with_furnace":4,"lootr:looted_stat":5,"minecraft:mob_kills":4,"minecraft:traded_with_villager":1,"minecraft:interact_with_crafting_table":11,"minecraft:interact_with_loom":1,"minecraft:leave_game":3,"minecraft:time_since_death":52351,"minecraft:sleep_in_bed":3,"minecraft:climb_one_cm":2938,"minecraft:time_since_rest":5045,"minecraft:sprint_one_cm":226643,"minecraft:damage_taken":1345,"minecraft:walk_one_cm":195212,"minecraft:drop":10,"minecraft:damage_dealt":885,"minecraft:swim_one_cm":88855,"minecraft:talked_to_villager":2,"minecraft:fly_one_cm":254221,"minecraft:open_chest":20,"minecraft:crouch_one_cm":3149,"minecraft:play_time":85036,"minecraft:deaths":3,"minecraft:sneak_time":895,"minecraft:walk_under_water_one_cm":5236,"tombstone:villager_killed":1,"minecraft:jump":1101,"minecraft:walk_on_water_one_cm":21374,"minecraft:total_world_time":85036,"minecraft:fall_one_cm":32840},"minecraft:killed_by":{"irons_spellbooks:necromancer":1,"minecraft:spider":1,"divinerpg:kobblin":1},"minecraft:crafted":{"minecraft:brick":1,"minecraft:wooden_sword":1,"minecraft:oak_planks":88,"minecraft:wooden_shovel":2,"minecraft:stone_shovel":2,"minecraft:crafting_table":2,"minecraft:spruce_planks":24,"minecraft:wooden_pickaxe":1,"minecraft:furnace":1,"minecraft:melon_seeds":1,"minecraft:stick":8,"minecraft:wooden_axe":1,"minecraft:chest":2,"chipped:mason_table":1},"minecraft:mined":{"botania:lime_mystical_flower":1,"minecraft:oak_sapling":2,"minecraft:clay":1,"minecraft:cornflower":1,"minecraft:grass_block":265,"minecraft:spruce_leaves":12,"minecraft:sugar_cane":2,"minecraft:seagrass":1,"untamedwilds:flora_yarrow":7,"minecraft:tall_seagrass":2,"minecraft:sweet_berry_bush":5,"minecraft:spruce_log":6,"minecraft:yellow_bed":1,"minecraft:grass":117,"chococraft:gysahl_green":1,"minecraft:oak_log":32,"minecraft:sunflower":2,"minecraft:dirt":43,"minecraft:stone":36,"minecraft:oak_leaves":2},"minecraft:used":{"minecraft:iron_bars":3,"minecraft:stone_shovel":164,"minecraft:chest":2,"minecraft:wooden_pickaxe":36,"minecraft:wooden_shovel":119,"minecraft:stick":1,"minecraft:torch":1,"minecraft:dirt":189,"chipped:mason_table":1,"minecraft:crafting_table":1,"botania:lime_double_flower":1,"minecraft:wooden_axe":33,"minecraft:apple":14,"minecraft:bread":1,"minecraft:spruce_trapdoor":1,"minecraft:spruce_sapling":2,"minecraft:golden_helmet":1,"minecraft:wooden_sword":20,"minecraft:sweet_berries":34,"minecraft:furnace":1,"minecraft:oak_sapling":12,"minecraft:yellow_bed":1,"comforts:sleeping_bag_white":1,"botania:lime_mystical_flower":2}},"DataVersion":3465}