{"stats":{"minecraft:dropped":{"depthcrawler:whiteshard":1,"minecraft:wheat_seeds":1,"chococraft:gysahl_green_seeds":1,"crafting_on_a_stick:crafting_table":1,"mysticalagriculture:inferium_essence":1,"minecraft:wooden_pickaxe":1},"minecraft:crafted":{"minecraft:stone_shovel":1,"minecraft:crafting_table":3,"biomesoplenty:redwood_planks":80,"minecraft:wooden_pickaxe":1,"minecraft:cooked_chicken":3,"minecraft:furnace":2,"crafting_on_a_stick:crafting_table":3,"minecraft:air":0,"minecraft:stick":40,"minecraft:stone_pickaxe":3,"minecraft:wooden_axe":1,"minecraft:stone_sword":1,"minecraft:dark_oak_planks":24,"minecraft:cooked_beef":1},"minecraft:custom":{"lootr:looted_stat":2,"minecraft:interact_with_furnace":8,"minecraft:mob_kills":4,"minecraft:interact_with_crafting_table":2,"minecraft:damage_dealt_resisted":0,"minecraft:leave_game":2,"minecraft:time_since_death":3409,"minecraft:time_since_rest":1010,"minecraft:sprint_one_cm":124013,"minecraft:damage_taken":1174,"minecraft:walk_one_cm":132506,"minecraft:drop":6,"minecraft:damage_dealt":416,"minecraft:swim_one_cm":6288,"minecraft:talked_to_villager":1,"minecraft:fly_one_cm":192792,"minecraft:crouch_one_cm":15262,"minecraft:play_time":59715,"minecraft:deaths":3,"minecraft:sneak_time":2931,"minecraft:walk_under_water_one_cm":789,"minecraft:jump":902,"minecraft:walk_on_water_one_cm":3071,"minecraft:total_world_time":59715,"minecraft:fall_one_cm":13478},"minecraft:killed":{"minecraft:chicken":3,"minecraft:cow":1},"minecraft:used":{"minecraft:stone_sword":21,"minecraft:stone_shovel":10,"minecraft:stone_pickaxe":375,"minecraft:wooden_pickaxe":57,"minecraft:cooked_chicken":3,"minecraft:dirt":36,"minecraft:crafting_table":1,"minecraft:wooden_axe":40,"minecraft:cobblestone":3,"minecraft:furnace":3,"chococraft:gysahl_green":3,"minecraft:cooked_beef":1},"minecraft:mined":{"minecraft:podzol":5,"minecraft:dark_oak_log":1,"minecraft:crafting_table":1,"biomesoplenty:bush":1,"minecraft:grass_block":11,"minecraft:diorite":231,"minecraft:furnace":3,"biomesoplenty:lavender":9,"minecraft:grass":12,"chococraft:gysahl_green":1,"biomesoplenty:redwood_log":33,"minecraft:dirt":40,"minecraft:stone":197,"minecraft:fern":1},"minecraft:killed_by":{"undead_revamp2:thehunter":1,"grimoireofgaia:dullahan":1,"iceandfire:fire_dragon":1},"minecraft:picked_up":{"biomesoplenty:redwood_log":32,"biomesoplenty:lavender":6,"minecraft:crafting_table":1,"minecraft:feather":2,"minecraft:chicken":3,"integrateddynamics:on_the_dynamics_of_integration":1,"minecraft:leather":1,"minecraft:wooden_pickaxe":2,"minecraft:dirt":58,"chococraft:gysahl_green":3,"minecraft:wheat_seeds":1,"mysticalagriculture:inferium_essence":2,"minecraft:beef":1,"minecraft:stone_pickaxe":1,"minecraft:furnace":2,"minecraft:stick":1,"minecraft:torch":1,"chococraft:gysahl_green_seeds":1,"minecraft:diorite":329,"depthcrawler:whiteshard":1,"minecraft:dark_oak_log":6,"biomesoplenty:redwood_planks":13,"biomesoplenty:redwood_sapling":2,"minecraft:cobblestone":201}},"DataVersion":3465}