{"stats":{"minecraft:picked_up":{"integrateddynamics:on_the_dynamics_of_integration":1,"minecraft:wooden_pickaxe":2,"cyclic:crafting_stick":1,"minecraft:oak_log":6,"minecraft:oak_sapling":2,"minecraft:dirt":2,"minecraft:cobblestone":48},"minecraft:used":{"minecraft:dirt":2,"minecraft:oak_sapling":1,"alexsmobs:animal_dictionary":1,"minecraft:wooden_pickaxe":43},"minecraft:killed":{"minecraft:wolf":1},"minecraft:dropped":{"integrateddynamics:on_the_dynamics_of_integration":1,"ars_nouveau:worn_notebook":1,"minecraft:wooden_pickaxe":1,"minecraft:oak_log":1,"alexsmobs:animal_dictionary":1,"patchouli:guide_book":4},"minecraft:mined":{"minecraft:grass_block":6,"minecraft:oak_log":5,"minecraft:stone":43,"minecraft:oak_leaves":1},"minecraft:custom":{"minecraft:time_since_rest":20510,"minecraft:interact_with_furnace":3,"minecraft:crouch_one_cm":1419,"minecraft:play_time":20510,"minecraft:sprint_one_cm":28892,"minecraft:damage_taken":65,"minecraft:walk_one_cm":47487,"minecraft:sneak_time":748,"minecraft:mob_kills":1,"minecraft:drop":9,"minecraft:jump":156,"minecraft:damage_dealt":74,"minecraft:time_since_death":20510,"minecraft:total_world_time":20510,"minecraft:interact_with_crafting_table":1,"minecraft:talked_to_villager":5,"minecraft:fall_one_cm":2477,"minecraft:fly_one_cm":8553},"minecraft:crafted":{"minecraft:stone_sword":1,"minecraft:oak_planks":16,"minecraft:oak_wood":3,"minecraft:stick":4,"minecraft:stone_pickaxe":1}},"DataVersion":3465}