{"stats":{"minecraft:picked_up":{"minecraft:feather":1,"minecraft:chicken":1,"integrateddynamics:on_the_dynamics_of_integration":1,"minecraft:torch":1,"minecraft:wooden_pickaxe":2,"cyclic:crafting_stick":1,"minecraft:oak_log":6,"tombstone:grave_dust":1,"minecraft:spruce_log":4,"minecraft:dirt":2,"mysticalagriculture:inferium_essence":1,"minecraft:cooked_chicken":2,"minecraft:iron_nugget":1,"minecraft:oak_sapling":2,"minecraft:coal":14,"minecraft:cobblestone":48},"minecraft:killed_by":{"grimoireofgaia:cecaelia":1},"minecraft:used":{"minecraft:spruce_boat":1,"minecraft:stone_sword":7,"minecraft:stone_pickaxe":17,"minecraft:wooden_pickaxe":43,"minecraft:cooked_chicken":2,"minecraft:torch":1,"minecraft:dirt":2,"minecraft:crafting_table":1,"minecraft:oak_sapling":1,"tombstone:gift":1,"alexsmobs:animal_dictionary":1},"minecraft:killed":{"minecraft:wolf":1,"grimoireofgaia:werecat":1},"minecraft:mined":{"minecraft:spruce_log":4,"minecraft:torch":1,"minecraft:oak_log":5,"minecraft:grass_block":6,"minecraft:coal_ore":17,"minecraft:spruce_leaves":1,"minecraft:stone":43,"minecraft:oak_leaves":6},"minecraft:dropped":{"ars_nouveau:worn_notebook":1,"minecraft:oak_log":1,"alexsmobs:animal_dictionary":1,"tombstone:grave_dust":1,"integrateddynamics:on_the_dynamics_of_integration":1,"minecraft:wooden_pickaxe":1,"patchouli:guide_book":4},"minecraft:custom":{"minecraft:time_since_rest":3636,"minecraft:interact_with_furnace":3,"minecraft:sprint_one_cm":66387,"minecraft:damage_taken":335,"minecraft:walk_one_cm":75755,"minecraft:mob_kills":2,"minecraft:drop":10,"minecraft:damage_dealt":265,"minecraft:swim_one_cm":10082,"minecraft:talked_to_villager":5,"minecraft:interact_with_crafting_table":2,"minecraft:fly_one_cm":33368,"minecraft:crouch_one_cm":2035,"minecraft:play_time":32510,"minecraft:deaths":1,"minecraft:sneak_time":884,"minecraft:walk_under_water_one_cm":1021,"minecraft:boat_one_cm":122094,"minecraft:jump":293,"minecraft:walk_on_water_one_cm":5488,"minecraft:time_since_death":4184,"minecraft:total_world_time":32510,"minecraft:fall_one_cm":3700},"minecraft:crafted":{"minecraft:oak_planks":16,"minecraft:crafting_table":1,"minecraft:spruce_planks":16,"minecraft:stick":4,"minecraft:stone_pickaxe":1,"minecraft:stone_sword":1,"minecraft:spruce_boat":1,"minecraft:oak_wood":3,"minecraft:torch":4}},"DataVersion":3465}