{"stats":{"minecraft:used":{"minecraft:stone_sword":15,"minecraft:spruce_planks":1,"minecraft:shield":75,"minecraft:cooked_chicken":2,"minecraft:torch":26,"minecraft:dirt":2,"iceandfire:copper_sword":172,"minecraft:spruce_boat":1,"minecraft:bow":13,"minecraft:oak_sapling":1,"minecraft:furnace":1,"minecraft:gray_bed":3,"tombstone:gift":4,"comforts:sleeping_bag_white":2,"minecraft:cooked_mutton":27,"minecraft:stone_pickaxe":53,"minecraft:wooden_pickaxe":43,"minecraft:sandstone":5,"minecraft:sand":3,"minecraft:crafting_table":1,"minecraft:white_bed":1,"minecraft:shears":7,"minecraft:smoker":1,"minecraft:cobblestone":9,"minecraft:oak_boat":4,"alexsmobs:animal_dictionary":1,"minecraft:chainmail_leggings":1},"minecraft:broken":{"minecraft:shield":1},"minecraft:killed":{"minecraft:spider":4,"born_in_chaos_v1:maggot":1,"minecraft:skeleton":5,"grimoireofgaia:mandragora":1,"minecraft:wolf":1,"born_in_chaos_v1:decrepit_skeleton":2,"ars_nouveau:dummy":1,"minecraft:zombie":2,"minecraft:stray":1,"grimoireofgaia:werecat":1},"minecraft:crafted":{"minecraft:oak_planks":24,"minecraft:furnace":1,"minecraft:cooked_mutton":53,"minecraft:stone_pickaxe":1,"minecraft:spruce_boat":1,"minecraft:gray_bed":1,"minecraft:smoker":1,"minecraft:crafting_table":1,"minecraft:spruce_planks":16,"minecraft:oak_wood":3,"minecraft:air":0,"minecraft:oak_boat":1,"minecraft:shield":1,"minecraft:stick":12,"minecraft:stone_sword":1,"minecraft:white_bed":1,"minecraft:torch":4},"minecraft:dropped":{"tombstone:scroll_of_feather_fall":1,"minecraft:oak_log":1,"ars_nouveau:worn_notebook":1,"minecraft:mutton":1,"minecraft:wooden_axe":1,"forbidden_arcanus:spawner_scrap":1,"tombstone:grave_dust":1,"potionsmaster:bezoar":1,"alexsmobs:animal_dictionary":1,"minecraft:yellow_wool":1,"minecraft:chicken":1,"minecraft:oak_planks":9,"minecraft:cooked_mutton":1,"patchouli:guide_book":4,"decorative_blocks:dark_oak_palisade":6,"integrateddynamics:on_the_dynamics_of_integration":1,"minecraft:wooden_pickaxe":1,"minecraft:oak_leaves":6},"minecraft:killed_by":{"minecraft:stray":2,"grimoireofgaia:flesh_lich":2,"grimoireofgaia:cecaelia":1,"grimoireofgaia:spriggan":1,"born_in_chaos_v1:corpse_fish":1,"iceandfire:fire_dragon":3},"minecraft:custom":{"lootr:looted_stat":24,"minecraft:mob_kills":20,"minecraft:interact_with_crafting_table":3,"minecraft:damage_dealt_resisted":568,"minecraft:leave_game":2,"minecraft:time_since_death":177,"minecraft:damage_resisted":0,"minecraft:sprint_one_cm":292749,"minecraft:walk_one_cm":279524,"minecraft:damage_blocked_by_shield":5385,"minecraft:drop":29,"minecraft:talked_to_villager":8,"minecraft:play_time":122449,"minecraft:deaths":10,"minecraft:sneak_time":1439,"minecraft:walk_under_water_one_cm":1692,"minecraft:boat_one_cm":291555,"minecraft:jump":1586,"minecraft:walk_on_water_one_cm":37683,"minecraft:total_world_time":122449,"minecraft:interact_with_furnace":4,"minecraft:sleep_in_bed":4,"minecraft:time_since_rest":1,"minecraft:waystone_activated":1,"minecraft:damage_taken":4597,"minecraft:damage_dealt":5165,"minecraft:swim_one_cm":63266,"minecraft:fly_one_cm":340491,"minecraft:crouch_one_cm":3863,"tombstone:undead_killed":10,"minecraft:interact_with_smoker":9,"minecraft:fall_one_cm":26281},"minecraft:picked_up":{"minecraft:wooden_axe":1,"minecraft:iron_chestplate":1,"minecraft:chicken":1,"iceandfire:copper_sword":1,"minecraft:flower_pot":1,"minecraft:yellow_wool":1,"minecraft:wooden_pickaxe":2,"cyclic:crafting_stick":1,"minecraft:string":6,"minecraft:item_frame":4,"iceandfire:graveyard_soil":1,"mysticalagriculture:inferium_essence":7,"comforts:sleeping_bag_white":2,"minecraft:spruce_planks":2,"minecraft:oak_boat":3,"minecraft:iron_nugget":2,"minecraft:spruce_slab":2,"minecraft:furnace":1,"minecraft:tipped_arrow":1,"minecraft:stick":2,"iceandfire:ghost_chest":1,"minecraft:sandstone":5,"apotheosis:gem":5,"minecraft:torch":1,"potionsmaster:bezoar":1,"minecraft:spruce_fence":1,"sophisticatedbackpacks:backpack":1,"tombstone:grave_dust":1,"minecraft:tnt":2,"minecraft:arrow":10,"minecraft:rotten_flesh":7,"minecraft:mutton":1,"minecraft:iron_bars":13,"forbidden_arcanus:spawner_scrap":2,"minecraft:cobblestone":48,"minecraft:white_wool":7,"minecraft:leather_chestplate":1,"minecraft:feather":1,"integrateddynamics:on_the_dynamics_of_integration":1,"paraglider:spirit_orb":8,"minecraft:oak_log":12,"iceandfire:ectoplasm":4,"minecraft:dirt":2,"minecraft:lantern":1,"minecraft:cooked_mutton":1,"minecraft:bone":8,"minecraft:stone_bricks":1,"minecraft:bow":1,"minecraft:wheat_seeds":1,"minecraft:cooked_chicken":2,"minecraft:cobweb":7,"tombstone:bag_of_seeds":1,"minecraft:gray_bed":2,"minecraft:oak_planks":7,"minecraft:book":21,"irons_spellbooks:frozen_bone":3,"decorative_blocks:dark_oak_palisade":6,"minecraft:sand":3,"minecraft:spruce_log":4,"minecraft:lily_of_the_valley":1,"minecraft:spider_eye":1,"minecraft:chainmail_leggings":1,"minecraft:gray_wool":3,"alexsmobs:maggot":1,"minecraft:oak_sapling":2,"minecraft:coal":27,"minecraft:oak_leaves":6},"minecraft:mined":{"minecraft:spruce_planks":2,"minecraft:white_bed":1,"minecraft:grass_block":6,"minecraft:spruce_fence":2,"minecraft:spruce_leaves":3,"minecraft:sandstone":5,"minecraft:spawner":3,"minecraft:furnace":1,"minecraft:bookshelf":7,"minecraft:iron_bars":13,"minecraft:stone":43,"minecraft:potted_lily_of_the_valley":1,"minecraft:torch":1,"minecraft:oak_planks":1,"minecraft:gray_bed":2,"minecraft:spruce_log":4,"minecraft:tnt":3,"minecraft:grass":6,"minecraft:coal_ore":17,"minecraft:oak_log":11,"minecraft:sand":3,"minecraft:oak_leaves":13}},"DataVersion":3465}