{"stats":{"minecraft:picked_up":{"minecraft:feather":1,"iceandfire:copper_sword":1,"minecraft:chicken":1,"minecraft:flower_pot":1,"integrateddynamics:on_the_dynamics_of_integration":1,"minecraft:wooden_pickaxe":2,"cyclic:crafting_stick":1,"minecraft:oak_log":6,"iceandfire:ectoplasm":4,"minecraft:dirt":2,"minecraft:item_frame":4,"minecraft:stone_bricks":1,"iceandfire:graveyard_soil":1,"mysticalagriculture:inferium_essence":2,"minecraft:spruce_planks":2,"minecraft:cooked_chicken":2,"minecraft:cobweb":7,"minecraft:iron_nugget":1,"minecraft:spruce_slab":2,"minecraft:book":21,"iceandfire:ghost_chest":1,"apotheosis:gem":4,"minecraft:torch":1,"tombstone:grave_dust":1,"minecraft:spruce_log":4,"minecraft:lily_of_the_valley":1,"minecraft:tnt":2,"minecraft:rotten_flesh":2,"alexsmobs:maggot":1,"minecraft:oak_sapling":2,"minecraft:coal":14,"minecraft:cobblestone":48},"minecraft:killed_by":{"grimoireofgaia:cecaelia":1,"iceandfire:fire_dragon":3},"minecraft:used":{"minecraft:stone_sword":15,"minecraft:stone_pickaxe":30,"minecraft:wooden_pickaxe":43,"minecraft:cooked_chicken":2,"minecraft:torch":1,"minecraft:dirt":2,"minecraft:crafting_table":1,"minecraft:spruce_boat":1,"minecraft:oak_sapling":1,"tombstone:gift":2,"alexsmobs:animal_dictionary":1},"minecraft:killed":{"minecraft:wolf":1,"grimoireofgaia:werecat":1},"minecraft:dropped":{"minecraft:oak_log":1,"alexsmobs:animal_dictionary":1,"patchouli:guide_book":4,"ars_nouveau:worn_notebook":1,"tombstone:grave_dust":1,"integrateddynamics:on_the_dynamics_of_integration":1,"minecraft:wooden_pickaxe":1},"minecraft:mined":{"minecraft:spruce_planks":2,"minecraft:potted_lily_of_the_valley":1,"minecraft:torch":1,"minecraft:grass_block":6,"minecraft:spruce_leaves":1,"minecraft:spruce_log":4,"minecraft:tnt":3,"minecraft:bookshelf":7,"minecraft:coal_ore":17,"minecraft:oak_log":5,"minecraft:stone":43,"minecraft:oak_leaves":6},"minecraft:custom":{"minecraft:interact_with_furnace":3,"lootr:looted_stat":2,"minecraft:mob_kills":3,"minecraft:interact_with_crafting_table":2,"minecraft:damage_dealt_resisted":0,"minecraft:time_since_death":4537,"minecraft:sleep_in_bed":1,"minecraft:damage_resisted":0,"minecraft:time_since_rest":4045,"minecraft:sprint_one_cm":102867,"minecraft:damage_taken":1244,"minecraft:walk_one_cm":110916,"minecraft:drop":10,"minecraft:damage_dealt":436,"minecraft:swim_one_cm":14105,"minecraft:talked_to_villager":5,"minecraft:fly_one_cm":132138,"minecraft:crouch_one_cm":2035,"minecraft:play_time":44510,"minecraft:deaths":4,"minecraft:sneak_time":887,"minecraft:walk_under_water_one_cm":1131,"minecraft:boat_one_cm":122094,"minecraft:jump":632,"minecraft:walk_on_water_one_cm":9049,"minecraft:total_world_time":44510,"minecraft:fall_one_cm":9099},"minecraft:crafted":{"minecraft:oak_planks":16,"minecraft:crafting_table":1,"minecraft:spruce_planks":16,"minecraft:oak_wood":3,"minecraft:stick":4,"minecraft:stone_pickaxe":1,"minecraft:stone_sword":1,"minecraft:spruce_boat":1,"minecraft:torch":4}},"DataVersion":3465}