{"stats":{"minecraft:used":{"minecraft:cooked_mutton":12,"minecraft:stone_sword":15,"minecraft:stone_pickaxe":49,"minecraft:spruce_planks":1,"minecraft:wooden_pickaxe":43,"minecraft:sandstone":5,"minecraft:cooked_chicken":2,"minecraft:torch":11,"minecraft:dirt":2,"minecraft:sand":3,"iceandfire:copper_sword":87,"minecraft:crafting_table":1,"minecraft:white_bed":1,"minecraft:shears":7,"minecraft:smoker":1,"minecraft:spruce_boat":1,"minecraft:furnace":1,"minecraft:oak_sapling":1,"minecraft:gray_bed":3,"minecraft:chainmail_leggings":1,"tombstone:gift":2,"alexsmobs:animal_dictionary":1,"minecraft:oak_boat":4},"minecraft:crafted":{"minecraft:oak_planks":24,"minecraft:crafting_table":1,"minecraft:spruce_planks":16,"minecraft:furnace":1,"minecraft:oak_wood":3,"minecraft:cooked_mutton":53,"minecraft:air":0,"minecraft:oak_boat":1,"minecraft:stick":12,"minecraft:stone_pickaxe":1,"minecraft:stone_sword":1,"minecraft:white_bed":1,"minecraft:spruce_boat":1,"minecraft:torch":4,"minecraft:gray_bed":1,"minecraft:smoker":1},"minecraft:killed":{"minecraft:wolf":1,"minecraft:spider":1,"born_in_chaos_v1:decrepit_skeleton":2,"minecraft:zombie":1,"grimoireofgaia:werecat":1,"grimoireofgaia:mandragora":1},"minecraft:dropped":{"tombstone:scroll_of_feather_fall":1,"minecraft:oak_log":1,"alexsmobs:animal_dictionary":1,"minecraft:yellow_wool":1,"minecraft:chicken":1,"minecraft:oak_planks":9,"minecraft:cooked_mutton":1,"patchouli:guide_book":4,"ars_nouveau:worn_notebook":1,"minecraft:mutton":1,"minecraft:wooden_axe":1,"forbidden_arcanus:spawner_scrap":1,"tombstone:grave_dust":1,"decorative_blocks:dark_oak_palisade":6,"integrateddynamics:on_the_dynamics_of_integration":1,"potionsmaster:bezoar":1,"minecraft:wooden_pickaxe":1,"minecraft:oak_leaves":6},"minecraft:killed_by":{"grimoireofgaia:cecaelia":1,"grimoireofgaia:spriggan":1,"born_in_chaos_v1:corpse_fish":1,"iceandfire:fire_dragon":3},"minecraft:custom":{"minecraft:interact_with_furnace":4,"lootr:looted_stat":15,"minecraft:mob_kills":8,"minecraft:interact_with_crafting_table":3,"minecraft:damage_dealt_resisted":568,"minecraft:leave_game":2,"minecraft:time_since_death":42406,"minecraft:sleep_in_bed":2,"minecraft:damage_resisted":0,"minecraft:time_since_rest":12764,"minecraft:waystone_activated":1,"minecraft:sprint_one_cm":211713,"minecraft:damage_taken":2376,"minecraft:walk_one_cm":218184,"minecraft:drop":29,"minecraft:damage_dealt":2681,"minecraft:swim_one_cm":63266,"minecraft:talked_to_villager":8,"minecraft:fly_one_cm":297347,"minecraft:play_time":98449,"minecraft:crouch_one_cm":3863,"tombstone:undead_killed":3,"minecraft:deaths":6,"minecraft:sneak_time":1436,"minecraft:walk_under_water_one_cm":1692,"minecraft:boat_one_cm":291555,"minecraft:jump":1367,"minecraft:walk_on_water_one_cm":29101,"minecraft:total_world_time":98449,"minecraft:interact_with_smoker":9,"minecraft:fall_one_cm":24839},"minecraft:picked_up":{"minecraft:wooden_axe":1,"minecraft:leather_chestplate":1,"minecraft:feather":1,"iceandfire:copper_sword":1,"minecraft:chicken":1,"minecraft:flower_pot":1,"minecraft:yellow_wool":1,"integrateddynamics:on_the_dynamics_of_integration":1,"minecraft:wooden_pickaxe":2,"cyclic:crafting_stick":1,"paraglider:spirit_orb":8,"minecraft:oak_log":12,"iceandfire:ectoplasm":4,"minecraft:dirt":2,"minecraft:string":2,"minecraft:lantern":1,"minecraft:cooked_mutton":1,"minecraft:item_frame":4,"minecraft:bone":1,"minecraft:stone_bricks":1,"iceandfire:graveyard_soil":1,"minecraft:wheat_seeds":1,"mysticalagriculture:inferium_essence":3,"minecraft:spruce_planks":2,"minecraft:oak_boat":3,"minecraft:cooked_chicken":2,"minecraft:cobweb":7,"minecraft:iron_nugget":2,"minecraft:spruce_slab":2,"minecraft:gray_bed":2,"minecraft:oak_planks":7,"minecraft:furnace":1,"minecraft:book":21,"minecraft:stick":2,"apotheosis:gem":5,"minecraft:sandstone":5,"iceandfire:ghost_chest":1,"potionsmaster:bezoar":1,"minecraft:torch":1,"decorative_blocks:dark_oak_palisade":6,"sophisticatedbackpacks:backpack":1,"minecraft:spruce_fence":1,"minecraft:sand":3,"tombstone:grave_dust":1,"minecraft:spruce_log":4,"minecraft:lily_of_the_valley":1,"minecraft:tnt":2,"minecraft:rotten_flesh":6,"minecraft:gray_wool":3,"minecraft:iron_bars":9,"alexsmobs:maggot":1,"minecraft:oak_sapling":2,"minecraft:mutton":1,"minecraft:white_wool":7,"forbidden_arcanus:spawner_scrap":2,"minecraft:coal":27,"minecraft:oak_leaves":6,"minecraft:cobblestone":48},"minecraft:mined":{"minecraft:white_bed":1,"minecraft:spruce_planks":2,"minecraft:potted_lily_of_the_valley":1,"minecraft:torch":1,"minecraft:spruce_fence":2,"minecraft:grass_block":6,"minecraft:spruce_leaves":3,"minecraft:oak_planks":1,"minecraft:sandstone":5,"minecraft:spawner":3,"minecraft:furnace":1,"minecraft:gray_bed":2,"minecraft:spruce_log":4,"minecraft:tnt":3,"minecraft:grass":4,"minecraft:bookshelf":7,"minecraft:oak_log":11,"minecraft:coal_ore":17,"minecraft:iron_bars":9,"minecraft:sand":3,"minecraft:stone":43,"minecraft:oak_leaves":13}},"DataVersion":3465}