{"stats":{"minecraft:used":{"minecraft:cooked_mutton":5,"minecraft:stone_sword":15,"minecraft:stone_pickaxe":39,"minecraft:wooden_pickaxe":43,"minecraft:sandstone":5,"minecraft:cooked_chicken":2,"minecraft:torch":2,"minecraft:dirt":2,"minecraft:sand":3,"iceandfire:copper_sword":17,"minecraft:crafting_table":1,"minecraft:shears":7,"minecraft:smoker":1,"minecraft:spruce_boat":1,"minecraft:furnace":1,"minecraft:oak_sapling":1,"tombstone:gift":2,"minecraft:oak_boat":3,"alexsmobs:animal_dictionary":1},"minecraft:dropped":{"minecraft:oak_log":1,"alexsmobs:animal_dictionary":1,"minecraft:yellow_wool":1,"patchouli:guide_book":4,"ars_nouveau:worn_notebook":1,"tombstone:grave_dust":1,"integrateddynamics:on_the_dynamics_of_integration":1,"minecraft:wooden_pickaxe":1,"minecraft:oak_leaves":6},"minecraft:killed":{"minecraft:wolf":1,"minecraft:spider":1,"born_in_chaos_v1:decrepit_skeleton":2,"grimoireofgaia:werecat":1},"minecraft:crafted":{"minecraft:oak_planks":24,"minecraft:crafting_table":1,"minecraft:spruce_planks":16,"minecraft:furnace":1,"minecraft:oak_wood":3,"minecraft:cooked_mutton":53,"minecraft:air":0,"minecraft:oak_boat":1,"minecraft:stick":4,"minecraft:stone_pickaxe":1,"minecraft:stone_sword":1,"minecraft:spruce_boat":1,"minecraft:torch":4,"minecraft:smoker":1},"minecraft:killed_by":{"grimoireofgaia:cecaelia":1,"grimoireofgaia:spriggan":1,"born_in_chaos_v1:corpse_fish":1,"iceandfire:fire_dragon":3},"minecraft:custom":{"lootr:looted_stat":10,"minecraft:interact_with_furnace":4,"minecraft:mob_kills":6,"minecraft:interact_with_crafting_table":3,"minecraft:damage_dealt_resisted":0,"minecraft:leave_game":2,"minecraft:time_since_death":15263,"minecraft:sleep_in_bed":1,"minecraft:damage_resisted":0,"minecraft:time_since_rest":15045,"minecraft:sprint_one_cm":161978,"minecraft:damage_taken":1904,"minecraft:walk_one_cm":159384,"minecraft:drop":12,"minecraft:damage_dealt":1331,"minecraft:swim_one_cm":54270,"minecraft:talked_to_villager":7,"minecraft:fly_one_cm":191345,"tombstone:undead_killed":2,"minecraft:crouch_one_cm":2743,"minecraft:play_time":71306,"minecraft:deaths":6,"minecraft:sneak_time":1080,"minecraft:walk_under_water_one_cm":1500,"minecraft:boat_one_cm":205164,"minecraft:jump":881,"minecraft:walk_on_water_one_cm":24663,"minecraft:interact_with_smoker":9,"minecraft:total_world_time":71306,"minecraft:fall_one_cm":11936},"minecraft:picked_up":{"minecraft:feather":1,"iceandfire:copper_sword":1,"minecraft:chicken":1,"minecraft:flower_pot":1,"minecraft:yellow_wool":1,"integrateddynamics:on_the_dynamics_of_integration":1,"minecraft:wooden_pickaxe":2,"paraglider:spirit_orb":8,"cyclic:crafting_stick":1,"minecraft:oak_log":12,"iceandfire:ectoplasm":4,"minecraft:string":2,"minecraft:dirt":2,"minecraft:item_frame":4,"minecraft:bone":1,"minecraft:stone_bricks":1,"iceandfire:graveyard_soil":1,"mysticalagriculture:inferium_essence":3,"minecraft:spruce_planks":2,"minecraft:oak_boat":3,"minecraft:cooked_chicken":2,"minecraft:cobweb":7,"minecraft:iron_nugget":1,"minecraft:spruce_slab":2,"minecraft:furnace":1,"minecraft:book":21,"minecraft:stick":2,"apotheosis:gem":5,"minecraft:sandstone":5,"iceandfire:ghost_chest":1,"minecraft:torch":1,"minecraft:sand":3,"tombstone:grave_dust":1,"minecraft:spruce_log":4,"minecraft:lily_of_the_valley":1,"minecraft:tnt":2,"minecraft:rotten_flesh":6,"alexsmobs:maggot":1,"minecraft:oak_sapling":2,"forbidden_arcanus:spawner_scrap":2,"minecraft:coal":27,"minecraft:oak_leaves":6,"minecraft:cobblestone":48},"minecraft:mined":{"minecraft:spruce_planks":2,"minecraft:potted_lily_of_the_valley":1,"minecraft:torch":1,"minecraft:grass_block":6,"minecraft:spruce_leaves":3,"minecraft:sandstone":5,"minecraft:spawner":3,"minecraft:furnace":1,"minecraft:spruce_log":4,"minecraft:tnt":3,"minecraft:bookshelf":7,"minecraft:oak_log":11,"minecraft:coal_ore":17,"minecraft:sand":3,"minecraft:stone":43,"minecraft:oak_leaves":13}},"DataVersion":3465}