{"stats":{"minecraft:picked_up":{"minecraft:oak_log":1,"minecraft:oak_sapling":1,"integrateddynamics:on_the_dynamics_of_integration":1},"minecraft:used":{"alexsmobs:animal_dictionary":1},"minecraft:killed":{"minecraft:wolf":1},"minecraft:mined":{"minecraft:oak_log":1,"minecraft:oak_leaves":1},"minecraft:custom":{"minecraft:jump":39,"minecraft:time_since_rest":8510,"minecraft:damage_dealt":74,"minecraft:crouch_one_cm":628,"minecraft:sprint_one_cm":14258,"minecraft:play_time":8510,"minecraft:damage_taken":45,"minecraft:time_since_death":8510,"minecraft:walk_one_cm":12487,"minecraft:sneak_time":344,"minecraft:total_world_time":8510,"minecraft:mob_kills":1,"minecraft:fall_one_cm":1864,"minecraft:fly_one_cm":3251}},"DataVersion":3465}