{"stats":{"minecraft:used":{"minecraft:iron_shovel":1,"simplyswords:gold_sai":28,"minecraft:cooked_chicken":5,"minecraft:rotten_flesh":4,"minecraft:dirt":38,"minecraft:dark_oak_planks":4,"born_in_chaos_v1:corpse_maggot":3,"minecraft:wooden_axe":50,"minecraft:furnace":1,"ars_nouveau:sourceberry_bush":1,"tombstone:gift":3,"minecraft:egg":1,"minecraft:cooked_beef":3,"minecraft:cooked_mutton":11,"minecraft:leather_leggings":1,"minecraft:birch_planks":11,"minecraft:stone_pickaxe":130,"minecraft:oak_planks":4,"minecraft:birch_boat":2,"minecraft:wooden_pickaxe":14,"minecraft:green_bed":7,"minecraft:mossy_cobblestone":1,"minecraft:crafting_table":7,"minecraft:smoker":4,"tombstone:bag_of_seeds":1,"minecraft:apple":3,"minecraft:bread":4,"minecraft:stone_axe":109,"minecraft:cobblestone":15,"minecraft:oak_boat":13},"minecraft:killed":{"born_in_chaos_v1:restless_spirit":1,"minecraft:spider":3,"minecraft:chicken":10,"minecraft:drowned":1,"minecraft:pig":2,"grimoireofgaia:cecaelia":1,"minecraft:creeper":2,"born_in_chaos_v1:decrepit_skeleton":1,"minecraft:sheep":3,"minecraft:trader_llama":4,"born_in_chaos_v1:decaying_zombie":1,"minecraft:zombie":1,"born_in_chaos_v1:corpse_fly":3,"minecraft:cow":1},"minecraft:crafted":{"minecraft:oak_planks":84,"minecraft:birch_boat":1,"minecraft:cooked_chicken":9,"minecraft:furnace":1,"cyclic:crafting_stick":4,"minecraft:cooked_mutton":12,"minecraft:stone_pickaxe":1,"minecraft:chest":1,"minecraft:dark_oak_planks":4,"minecraft:smoker":1,"minecraft:cooked_beef":3,"sophisticatedbackpacks:backpack":1,"minecraft:crafting_table":6,"minecraft:wooden_pickaxe":1,"minecraft:birch_planks":40,"minecraft:stone_axe":1,"minecraft:air":0,"minecraft:oak_boat":2,"minecraft:stick":12,"minecraft:wooden_axe":1},"minecraft:dropped":{"minecraft:enchanted_book":2,"minecraft:clay":1,"minecraft:wheat_seeds":1,"minecraft:tnt":1,"untamedwilds:flora_yarrow":1,"minecraft:feather":7,"minecraft:cobblestone":1,"forbidden_arcanus:golden_orchid_seeds":3,"minecraft:dirt":4,"ars_nouveau:worn_notebook":1,"born_in_chaos_v1:river_mint":3,"minecraft:wooden_axe":1,"tombstone:grave_dust":1,"minecraft:gold_nugget":3,"potionsmaster:bezoar":3,"cyclic:crafting_stick":1,"minecraft:stone_axe":1,"simplyswords:runic_tablet":1,"minecraft:iron_nugget":1,"minecraft:cooked_chicken":2,"simplyswords:gold_sai":1,"alexsmobs:animal_dictionary":1,"minecraft:wheat":2,"born_in_chaos_v1:ethereal_spirit":2,"minecraft:rotten_flesh":7,"alexsmobs:ancient_dart":2,"patchouli:guide_book":9,"mysticalagriculture:inferium_essence":2,"minecraft:oak_sapling":3,"minecraft:spider_eye":1,"integrateddynamics:on_the_dynamics_of_integration":3,"minecraft:stone_pickaxe":1,"minecraft:wooden_pickaxe":1},"minecraft:killed_by":{"minecraft:wolf":1,"iceandfire:cyclops":6,"born_in_chaos_v1:corpse_fly":1,"divinerpg:kobblin":1,"grimoireofgaia:cecaelia":1,"iceandfire:fire_dragon":2},"minecraft:custom":{"lootr:looted_stat":16,"minecraft:mob_kills":34,"minecraft:interact_with_crafting_table":7,"minecraft:open_barrel":3,"minecraft:leave_game":6,"minecraft:time_since_death":12933,"minecraft:climb_one_cm":203,"minecraft:sprint_one_cm":345982,"minecraft:walk_one_cm":261738,"minecraft:drop":53,"minecraft:talked_to_villager":4,"minecraft:play_time":131980,"minecraft:deaths":13,"minecraft:sneak_time":1163,"minecraft:walk_under_water_one_cm":6479,"minecraft:boat_one_cm":406775,"minecraft:jump":2432,"minecraft:walk_on_water_one_cm":23497,"minecraft:total_world_time":131980,"minecraft:interact_with_furnace":4,"minecraft:pot_flower":1,"minecraft:sleep_in_bed":4,"minecraft:time_since_rest":12595,"minecraft:damage_taken":6286,"minecraft:damage_dealt":5510,"minecraft:swim_one_cm":62310,"minecraft:fly_one_cm":460221,"minecraft:crouch_one_cm":2409,"tombstone:undead_killed":4,"minecraft:interact_with_smoker":19,"minecraft:fall_one_cm":61911},"minecraft:picked_up":{"divinerpg:jungle_spider_pumpkin":1,"ars_nouveau:caster_tome":2,"minecraft:wheat":2,"minecraft:crafting_table":6,"minecraft:chicken":14,"born_in_chaos_v1:river_mint":3,"minecraft:lead":4,"minecraft:wooden_pickaxe":1,"minecraft:enchanted_book":1,"minecraft:potion":1,"cyclic:crafting_stick":2,"minecraft:string":6,"minecraft:iron_shovel":2,"irons_spellbooks:arcane_essence":4,"simplyswords:runic_tablet":2,"mysticalagriculture:inferium_essence":9,"minecraft:gold_nugget":204,"minecraft:beef":3,"minecraft:oak_boat":10,"minecraft:iron_nugget":1,"minecraft:sugar_cane":47,"minecraft:birch_sapling":2,"minecraft:egg":4,"minecraft:furnace":2,"minecraft:dark_oak_sapling":7,"reliquary:catalyzing_gland":3,"minecraft:stick":7,"apotheosis:gem":5,"evilcraft:origins_of_darkness":1,"minecraft:green_bed":9,"potionsmaster:bezoar":3,"minecraft:porkchop":5,"minecraft:tnt":2,"minecraft:rotten_flesh":7,"divinerpg:jungle_shards":3,"ars_nouveau:worn_notebook":2,"untamedwilds:flora_yarrow":1,"minecraft:mutton":4,"minecraft:cobblestone":39,"minecraft:bone_block":51,"minecraft:white_wool":11,"minecraft:birch_log":20,"born_in_chaos_v1:corpse_maggot":3,"minecraft:feather":7,"minecraft:leather":4,"integrateddynamics:on_the_dynamics_of_integration":6,"paraglider:spirit_orb":2,"ars_nouveau:wilden_wing":3,"minecraft:smoker":4,"minecraft:birch_planks":24,"minecraft:oak_log":57,"minecraft:dirt":48,"tombstone:gift":1,"minecraft:name_tag":2,"minecraft:bone":16,"minecraft:apple":16,"ars_nouveau:source_gem":4,"minecraft:wheat_seeds":1,"minecraft:bamboo":2,"minecraft:pitcher_pod":3,"minecraft:oak_planks":45,"minecraft:birch_boat":2,"minecraft:pumpkin":3,"patchouli:guide_book":7,"born_in_chaos_v1:ethereal_spirit":3,"ars_nouveau:music_disc_aria_biblio":1,"minecraft:dark_oak_log":25,"minecraft:spider_eye":1,"alexsmobs:animal_dictionary":3,"minecraft:mossy_cobblestone":1,"minecraft:clay":1,"minecraft:bone_meal":1,"minecraft:bread":9,"minecraft:oak_sapling":13,"minecraft:black_wool":3,"minecraft:coal":14},"minecraft:mined":{"minecraft:spruce_planks":3,"minecraft:mossy_cobblestone":3,"minecraft:dark_oak_leaves":6,"minecraft:dark_oak_log":1,"minecraft:grass_block":13,"untamedwilds:flora_yarrow":1,"minecraft:furnace":2,"minecraft:pumpkin":3,"iceandfire:gold_pile":20,"minecraft:vine":1,"minecraft:stone":44,"minecraft:bone_block":51,"minecraft:green_bed":8,"minecraft:smoker":4,"minecraft:crafting_table":6,"iceandfire:ghost_chest":1,"minecraft:tall_grass":1,"minecraft:sugar_cane":21,"minecraft:oak_planks":2,"minecraft:birch_planks":7,"minecraft:birch_log":15,"minecraft:birch_leaves":3,"minecraft:grass":7,"minecraft:oak_log":50,"minecraft:coal_ore":11,"minecraft:dirt":12,"minecraft:sand":3,"minecraft:stone_bricks":2,"minecraft:oak_leaves":17}},"DataVersion":3465}