{"stats":{"minecraft:picked_up":{"minecraft:crafting_table":4,"minecraft:feather":7,"born_in_chaos_v1:river_mint":3,"minecraft:chicken":10,"integrateddynamics:on_the_dynamics_of_integration":2,"minecraft:leather":4,"minecraft:lead":4,"minecraft:wooden_pickaxe":1,"minecraft:smoker":4,"minecraft:oak_log":22,"minecraft:dirt":40,"minecraft:string":6,"minecraft:apple":1,"minecraft:gold_nugget":204,"minecraft:wheat_seeds":1,"mysticalagriculture:inferium_essence":7,"minecraft:beef":3,"minecraft:oak_boat":7,"minecraft:iron_nugget":1,"minecraft:sugar_cane":32,"minecraft:oak_planks":45,"minecraft:egg":4,"minecraft:furnace":2,"apotheosis:gem":1,"minecraft:pumpkin":3,"patchouli:guide_book":4,"born_in_chaos_v1:ethereal_spirit":1,"minecraft:green_bed":5,"minecraft:porkchop":2,"minecraft:mossy_cobblestone":1,"minecraft:spider_eye":1,"alexsmobs:animal_dictionary":1,"minecraft:tnt":2,"minecraft:rotten_flesh":7,"minecraft:clay":1,"ars_nouveau:worn_notebook":1,"minecraft:oak_sapling":3,"untamedwilds:flora_yarrow":1,"minecraft:coal":14,"minecraft:bone_block":51,"minecraft:cobblestone":33},"minecraft:killed_by":{"grimoireofgaia:cecaelia":1,"minecraft:wolf":1,"iceandfire:cyclops":1,"iceandfire:fire_dragon":2},"minecraft:used":{"minecraft:cooked_mutton":2,"minecraft:stone_pickaxe":118,"minecraft:oak_planks":3,"minecraft:wooden_pickaxe":14,"minecraft:green_bed":4,"minecraft:cooked_chicken":5,"minecraft:mossy_cobblestone":1,"minecraft:dirt":36,"minecraft:crafting_table":5,"minecraft:smoker":4,"minecraft:apple":1,"minecraft:stone_axe":94,"minecraft:furnace":1,"tombstone:gift":2,"minecraft:oak_boat":7,"minecraft:egg":1,"minecraft:cooked_beef":3},"minecraft:killed":{"born_in_chaos_v1:restless_spirit":1,"minecraft:spider":3,"grimoireofgaia:cecaelia":1,"minecraft:creeper":2,"minecraft:trader_llama":4,"minecraft:zombie":1,"minecraft:chicken":8,"minecraft:drowned":1,"minecraft:cow":1},"minecraft:mined":{"minecraft:spruce_planks":3,"minecraft:mossy_cobblestone":1,"minecraft:smoker":4,"minecraft:crafting_table":4,"minecraft:grass_block":5,"iceandfire:ghost_chest":1,"minecraft:oak_planks":2,"minecraft:sugar_cane":15,"untamedwilds:flora_yarrow":1,"minecraft:furnace":2,"minecraft:pumpkin":3,"iceandfire:gold_pile":20,"minecraft:grass":7,"minecraft:oak_log":22,"minecraft:coal_ore":11,"minecraft:vine":1,"minecraft:sand":3,"minecraft:dirt":12,"minecraft:stone_bricks":2,"minecraft:stone":38,"minecraft:bone_block":51,"minecraft:green_bed":5,"minecraft:oak_leaves":7},"minecraft:dropped":{"cyclic:crafting_stick":1,"minecraft:clay":1,"minecraft:stone_axe":1,"minecraft:wheat_seeds":1,"minecraft:iron_nugget":1,"minecraft:cooked_chicken":2,"alexsmobs:animal_dictionary":1,"minecraft:tnt":1,"untamedwilds:flora_yarrow":1,"minecraft:feather":7,"minecraft:rotten_flesh":7,"patchouli:guide_book":2,"minecraft:dirt":4,"ars_nouveau:worn_notebook":1,"born_in_chaos_v1:river_mint":3,"minecraft:oak_sapling":3,"minecraft:gold_nugget":3,"tombstone:grave_dust":1,"integrateddynamics:on_the_dynamics_of_integration":1,"minecraft:spider_eye":1,"minecraft:stone_pickaxe":1,"minecraft:wooden_pickaxe":1},"minecraft:custom":{"lootr:looted_stat":5,"minecraft:interact_with_furnace":4,"minecraft:mob_kills":22,"minecraft:interact_with_crafting_table":5,"minecraft:leave_game":6,"minecraft:time_since_death":20553,"minecraft:sleep_in_bed":1,"minecraft:time_since_rest":19981,"minecraft:sprint_one_cm":180818,"minecraft:damage_taken":2169,"minecraft:walk_one_cm":173111,"minecraft:drop":27,"minecraft:damage_dealt":3972,"minecraft:swim_one_cm":29589,"minecraft:talked_to_villager":4,"minecraft:fly_one_cm":241456,"minecraft:crouch_one_cm":1023,"minecraft:play_time":78916,"tombstone:undead_killed":2,"minecraft:deaths":5,"minecraft:sneak_time":653,"minecraft:walk_under_water_one_cm":3825,"minecraft:boat_one_cm":141545,"minecraft:jump":1180,"minecraft:walk_on_water_one_cm":8317,"minecraft:total_world_time":78916,"minecraft:interact_with_smoker":19,"minecraft:fall_one_cm":22108},"minecraft:crafted":{"minecraft:cooked_beef":3,"minecraft:oak_planks":72,"minecraft:crafting_table":4,"minecraft:wooden_pickaxe":1,"minecraft:cooked_chicken":9,"minecraft:furnace":1,"cyclic:crafting_stick":2,"minecraft:stone_axe":1,"minecraft:cooked_mutton":12,"minecraft:air":0,"minecraft:oak_boat":1,"minecraft:stick":8,"minecraft:stone_pickaxe":1,"minecraft:smoker":1}},"DataVersion":3465}