{"stats":{"minecraft:picked_up":{"minecraft:crafting_table":4,"minecraft:feather":3,"minecraft:chicken":7,"integrateddynamics:on_the_dynamics_of_integration":2,"minecraft:leather":4,"minecraft:lead":4,"minecraft:wooden_pickaxe":1,"minecraft:smoker":2,"minecraft:oak_log":19,"minecraft:dirt":18,"minecraft:string":6,"minecraft:apple":1,"mysticalagriculture:inferium_essence":7,"minecraft:beef":3,"minecraft:oak_boat":1,"minecraft:sugar_cane":11,"minecraft:oak_planks":44,"minecraft:egg":4,"minecraft:furnace":2,"apotheosis:gem":1,"patchouli:guide_book":4,"minecraft:green_bed":1,"minecraft:spider_eye":1,"alexsmobs:animal_dictionary":1,"ars_nouveau:worn_notebook":1,"minecraft:oak_sapling":3,"untamedwilds:flora_yarrow":1,"minecraft:coal":14,"minecraft:cobblestone":17},"minecraft:used":{"minecraft:stone_pickaxe":24,"minecraft:oak_planks":1,"minecraft:wooden_pickaxe":14,"minecraft:cooked_chicken":5,"minecraft:dirt":6,"minecraft:crafting_table":4,"minecraft:smoker":2,"minecraft:apple":1,"minecraft:stone_axe":61,"minecraft:furnace":1,"tombstone:gift":2,"minecraft:oak_boat":1,"minecraft:egg":1,"minecraft:cooked_beef":1},"minecraft:killed_by":{"grimoireofgaia:cecaelia":1,"minecraft:wolf":1},"minecraft:killed":{"minecraft:spider":3,"minecraft:creeper":2,"minecraft:trader_llama":4,"minecraft:chicken":8,"minecraft:drowned":1,"minecraft:cow":1},"minecraft:mined":{"minecraft:smoker":2,"minecraft:crafting_table":4,"minecraft:grass_block":5,"minecraft:oak_planks":1,"minecraft:sugar_cane":5,"untamedwilds:flora_yarrow":1,"minecraft:furnace":2,"minecraft:grass":7,"minecraft:oak_log":19,"minecraft:coal_ore":11,"minecraft:dirt":9,"minecraft:stone":22,"minecraft:green_bed":1,"minecraft:oak_leaves":7},"minecraft:dropped":{"cyclic:crafting_stick":1,"minecraft:cooked_chicken":2,"untamedwilds:flora_yarrow":1,"minecraft:feather":3,"patchouli:guide_book":2,"tombstone:grave_dust":1,"minecraft:wooden_pickaxe":1},"minecraft:custom":{"minecraft:interact_with_furnace":4,"minecraft:mob_kills":19,"minecraft:interact_with_crafting_table":4,"minecraft:leave_game":5,"minecraft:time_since_death":30860,"minecraft:time_since_rest":30684,"minecraft:sprint_one_cm":100822,"minecraft:damage_taken":880,"minecraft:walk_one_cm":114342,"minecraft:drop":9,"minecraft:damage_dealt":2962,"minecraft:swim_one_cm":16638,"minecraft:talked_to_villager":2,"minecraft:fly_one_cm":84194,"minecraft:crouch_one_cm":732,"minecraft:play_time":46020,"tombstone:undead_killed":1,"minecraft:deaths":2,"minecraft:sneak_time":519,"minecraft:walk_under_water_one_cm":1810,"minecraft:boat_one_cm":74090,"minecraft:jump":493,"minecraft:walk_on_water_one_cm":3918,"minecraft:total_world_time":46020,"minecraft:interact_with_smoker":8,"minecraft:fall_one_cm":8388},"minecraft:crafted":{"minecraft:cooked_beef":3,"minecraft:oak_planks":56,"minecraft:crafting_table":3,"minecraft:wooden_pickaxe":1,"minecraft:cooked_chicken":6,"minecraft:furnace":1,"cyclic:crafting_stick":2,"minecraft:stone_axe":1,"minecraft:air":0,"minecraft:stick":8,"minecraft:stone_pickaxe":1,"minecraft:smoker":1}},"DataVersion":3465}