{"stats":{"minecraft:dropped":{"minecraft:clay":1,"minecraft:cooked_beef":2,"minecraft:leather_helmet":1,"forbidden_arcanus:golden_orchid_seeds":3,"minecraft:dirt":4,"minecraft:gold_nugget":3,"minecraft:wooden_sword":1,"cyclic:crafting_stick":2,"minecraft:stone_axe":1,"simplyswords:runic_tablet":1,"minecraft:iron_nugget":1,"minecraft:cooked_chicken":2,"alexsmobs:animal_dictionary":1,"minecraft:wheat":2,"born_in_chaos_v1:ethereal_spirit":2,"minecraft:rotten_flesh":7,"patchouli:guide_book":9,"minecraft:leather_chestplate":1,"supplementaries:ash":2,"mysticalagriculture:inferium_essence":2,"decorative_blocks:dark_oak_palisade":6,"comforts:sleeping_bag_white":1,"untamedwilds:flora_eelgrass":1,"minecraft:enchanted_book":2,"minecraft:iron_ingot":21,"minecraft:bread":17,"minecraft:wheat_seeds":1,"minecraft:tnt":1,"untamedwilds:flora_yarrow":1,"minecraft:iron_helmet":1,"minecraft:feather":7,"minecraft:cobblestone":1,"ars_nouveau:worn_notebook":1,"born_in_chaos_v1:river_mint":3,"minecraft:torch":21,"minecraft:wooden_hoe":1,"minecraft:wooden_axe":2,"tombstone:grave_dust":1,"minecraft:iron_leggings":1,"potionsmaster:bezoar":3,"simplyswords:gold_sai":1,"minecraft:iron_boots":2,"alexsmobs:ancient_dart":2,"sophisticatedbackpacks:backpack":1,"minecraft:iron_chestplate":1,"minecraft:oak_sapling":3,"minecraft:spider_eye":1,"integrateddynamics:on_the_dynamics_of_integration":3,"minecraft:stone_pickaxe":2,"minecraft:wooden_pickaxe":1},"minecraft:killed":{"minecraft:witch":1,"born_in_chaos_v1:restless_spirit":1,"born_in_chaos_v1:door_knight_not_despawn":1,"minecraft:spider":6,"grimoireofgaia:minotaurus":1,"minecraft:skeleton":3,"minecraft:chicken":10,"grimoireofgaia:mandragora":1,"divinerpg:crab":1,"minecraft:pig":2,"irons_spellbooks:necromancer":1,"minecraft:creeper":2,"minecraft:sheep":6,"minecraft:trader_llama":12,"minecraft:pillager":4,"minecraft:zombie":3,"born_in_chaos_v1:corpse_fly":4,"grimoireofgaia:harpy":3,"iceandfire:pixie":1,"minecraft:cow":4,"orcz:orcsavagemace":1,"minecraft:drowned":1,"born_in_chaos_v1:corpse_fish":2,"divinerpg:pumpkin_spider":1,"grimoireofgaia:cecaelia":1,"minecraft:wandering_trader":2,"born_in_chaos_v1:decrepit_skeleton":2,"divinerpg:miner":1,"born_in_chaos_v1:decaying_zombie":1,"iceandfire:ghost":5,"ars_nouveau:whirlisprig":1,"grimoireofgaia:werecat":1},"minecraft:picked_up":{"minecraft:wooden_axe":1,"ars_nouveau:caster_tome":2,"minecraft:wheat":2,"chococraft:loverly_gysahl_green":8,"minecraft:redstone_block":1,"minecraft:lead":9,"minecraft:potion":1,"minecraft:enchanted_book":2,"cyclic:crafting_stick":3,"minecraft:brewing_stand":1,"minecraft:string":12,"minecraft:raw_copper":26,"irons_spellbooks:arcane_essence":12,"mysticalagriculture:inferium_essence":26,"minecraft:gold_nugget":214,"minecraft:cobbled_deepslate":1,"minecraft:spruce_planks":2,"minecraft:rose_bush":3,"minecraft:dark_oak_door":1,"minecraft:furnace":2,"minecraft:iron_boots":2,"grimoireofgaia:taproot":4,"iceandfire:pixie_dust":2,"minecraft:stick":46,"apotheosis:gem":6,"ars_nouveau:stripped_purple_archwood_log":1,"minecraft:green_bed":9,"minecraft:torch":16,"potionsmaster:bezoar":7,"minecraft:porkchop":5,"minecraft:diorite":1,"tombstone:grave_dust":3,"minecraft:rotten_flesh":13,"create:ochrum":5,"ars_nouveau:worn_notebook":2,"untamedwilds:trap_cage":3,"supplementaries:ash":2,"untamedwilds:flora_yarrow":1,"minecraft:cobblestone":137,"minecraft:birch_log":37,"orcz:orcteeth":3,"minecraft:feather":9,"minecraft:lilac":3,"ars_nouveau:archwood_door":6,"minecraft:smoker":7,"paraglider:spirit_orb":2,"minecraft:flint":3,"minecraft:tuff":2,"evilcraft:flesh_humanoid":2,"minecraft:dirt":354,"minecraft:name_tag":2,"cyclic:flower_cyan":1,"untamedwilds:flora_junegrass":2,"born_in_chaos_v1:marigolds":1,"minecraft:bone":19,"ars_nouveau:source_gem":4,"minecraft:wheat_seeds":19,"minecraft:grindstone":1,"minecraft:bamboo":2,"minecraft:pitcher_pod":3,"minecraft:oak_planks":48,"patchouli:guide_book":7,"minecraft:sand":92,"ars_nouveau:music_disc_aria_biblio":1,"minecraft:dark_oak_log":25,"alexsmobs:animal_dictionary":3,"minecraft:mossy_cobblestone":1,"minecraft:bundle":2,"minecraft:spruce_fence_gate":1,"minecraft:polished_andesite":2,"minecraft:clay":1,"minecraft:bone_meal":1,"minecraft:bread":16,"alexsmobs:maggot":1,"minecraft:oak_sapling":32,"born_in_chaos_v1:rotten_fish":2,"divinerpg:jungle_spider_pumpkin":1,"minecraft:crafting_table":7,"minecraft:chicken":14,"born_in_chaos_v1:river_mint":3,"minecraft:clay_ball":52,"irons_spellbooks:tarnished_helmet":2,"minecraft:wooden_pickaxe":1,"ars_nouveau:archwood_planks":105,"minecraft:item_frame":2,"minecraft:iron_shovel":2,"simplyswords:runic_tablet":2,"minecraft:beef":10,"minecraft:oak_boat":11,"minecraft:iron_nugget":7,"minecraft:sugar_cane":80,"minecraft:chest":9,"minecraft:birch_sapling":14,"minecraft:egg":4,"minecraft:dark_oak_sapling":7,"minecraft:raw_iron":40,"reliquary:catalyzing_gland":3,"ars_nouveau:purple_archwood_log":203,"pipez:item_pipe":9,"grimoireofgaia:box_gold":2,"evilcraft:origins_of_darkness":1,"divinerpg:terran_shards":1,"minecraft:spruce_fence":1,"ars_nouveau:purple_archwood_sapling":74,"botania:lime_double_flower":2,"minecraft:carrot":14,"minecraft:dark_oak_planks":40,"minecraft:tnt":2,"botania:lime_mystical_flower":16,"minecraft:arrow":1,"divinerpg:jungle_shards":3,"minecraft:peony":1,"minecraft:hay_block":57,"farmersdelight:wild_carrots":1,"minecraft:mutton":8,"minecraft:white_wool":19,"minecraft:bone_block":51,"born_in_chaos_v1:corpse_maggot":3,"integrateddynamics:on_the_dynamics_of_integration":6,"minecraft:leather":15,"forbidden_arcanus:aurum_log":16,"minecraft:birch_planks":24,"ars_nouveau:wilden_wing":3,"minecraft:oak_log":100,"iceandfire:ectoplasm":3,"forbidden_arcanus:aurum_sapling":11,"minecraft:white_banner":2,"tombstone:gift":1,"chococraft:gold_gysahl":2,"chococraft:gysahl_green":92,"minecraft:apple":20,"minecraft:kelp":20,"ars_nouveau:archwood_stairs":33,"born_in_chaos_v1:smoked_flesh":4,"grimoireofgaia:zombie_staff":1,"minecraft:pumpkin":4,"minecraft:birch_boat":4,"born_in_chaos_v1:ethereal_spirit":3,"minecraft:dandelion":1,"untamedwilds:flora_eelgrass":1,"minecraft:gravel":65,"ars_nouveau:bastion_pod":16,"minecraft:spruce_sapling":3,"chococraft:gysahl_green_seeds":36,"minecraft:white_bed":3,"minecraft:spruce_log":15,"minecraft:spider_eye":3,"minecraft:gray_wool":2,"minecraft:black_wool":3,"minecraft:coal":51},"minecraft:custom":{"lootr:looted_stat":19,"minecraft:interact_with_crafting_table":50,"minecraft:open_barrel":19,"minecraft:leave_game":8,"minecraft:time_since_death":89556,"minecraft:damage_resisted":0,"minecraft:sprint_one_cm":1017755,"minecraft:drop":84,"minecraft:talked_to_villager":11,"minecraft:play_time":347407,"minecraft:deaths":23,"minecraft:jump":6841,"minecraft:interact_with_brewingstand":2,"minecraft:walk_on_water_one_cm":55046,"minecraft:interact_with_furnace":44,"minecraft:sleep_in_bed":20,"minecraft:waystone_activated":1,"minecraft:damage_dealt":21332,"minecraft:crouch_one_cm":25921,"tombstone:undead_killed":18,"tombstone:villager_killed":2,"minecraft:interact_with_smoker":22,"minecraft:mob_kills":86,"minecraft:damage_dealt_resisted":274,"minecraft:climb_one_cm":203,"minecraft:walk_one_cm":785375,"minecraft:sneak_time":8527,"minecraft:walk_under_water_one_cm":33654,"minecraft:boat_one_cm":495883,"minecraft:total_world_time":347407,"tombstone:raider_killed":5,"minecraft:pot_flower":1,"minecraft:time_since_rest":9326,"minecraft:damage_taken":12132,"tombstone:cast_on_ally":0,"minecraft:swim_one_cm":183344,"minecraft:fly_one_cm":1567376,"minecraft:open_chest":349,"minecraft:fall_one_cm":181789},"minecraft:killed_by":{"iceandfire:cyclops":6,"minecraft:creeper":1,"minecraft:pillager":1,"born_in_chaos_v1:corpse_fly":1,"divinerpg:kobblin":6,"grimoireofgaia:minotaur":1,"grimoireofgaia:cecaelia":1,"grimoireofgaia:harpy":1,"iceandfire:fire_dragon":2,"minecraft:wolf":1},"minecraft:crafted":{"pipez:wrench":1,"minecraft:oak_planks":256,"untamedwilds:trap_cage":1,"ars_nouveau:archwood_planks":816,"minecraft:cooked_chicken":9,"minecraft:birch_boat":1,"pipez:item_pipe":16,"minecraft:stone":17,"cyclic:crafting_stick":4,"minecraft:cooked_mutton":12,"minecraft:iron_bars":16,"simpleores:copper_shears":1,"minecraft:hopper":1,"minecraft:dark_oak_door":3,"minecraft:glass":64,"minecraft:iron_boots":1,"ars_nouveau:archwood_door":3,"minecraft:chest":32,"mekanism:basic_fluid_tank":1,"minecraft:flower_pot":2,"minecraft:smoker":1,"minecraft:dropper":2,"minecraft:item_frame":7,"sophisticatedbackpacks:backpack":2,"minecraft:crafting_table":7,"minecraft:spruce_planks":60,"minecraft:wooden_pickaxe":1,"minecraft:iron_helmet":2,"minecraft:copper_ingot":26,"minecraft:birch_planks":68,"minecraft:iron_chestplate":2,"minecraft:stick":56,"minecraft:iron_ingot":40,"minecraft:redstone":9,"simpleores:copper_bucket":1,"minecraft:furnace":6,"minecraft:dark_oak_trapdoor":2,"minecraft:glass_pane":96,"minecraft:flint_and_steel":1,"minecraft:terracotta":5,"minecraft:iron_axe":5,"minecraft:stone_pickaxe":2,"minecraft:dark_oak_planks":92,"minecraft:wheat":513,"minecraft:cooked_beef":10,"decorative_blocks:dark_oak_palisade":6,"easy_villagers:farmer":1,"minecraft:iron_sword":1,"minecraft:bucket":1,"minecraft:stone_axe":1,"minecraft:air":0,"minecraft:bread":171,"minecraft:oak_boat":2,"minecraft:white_wool":1,"ars_nouveau:archwood_stairs":16,"minecraft:wooden_axe":1,"easy_villagers:breeder":1,"minecraft:iron_shovel":3,"minecraft:iron_leggings":2,"minecraft:white_bed":1,"minecraft:torch":64,"minecraft:clay":5,"minecraft:brick":6},"minecraft:broken":{"minecraft:leather_leggings":1,"minecraft:flint_and_steel":1,"minecraft:leather_chestplate":1,"minecraft:iron_axe":1},"minecraft:mined":{"minecraft:dark_oak_planks":1,"minecraft:spruce_planks":5,"minecraft:white_bed":2,"minecraft:brewing_stand":1,"minecraft:grass_block":271,"minecraft:iron_ore":11,"minecraft:fire":3,"botania:lime_double_flower":1,"minecraft:pumpkin":3,"chococraft:gysahl_green":18,"iceandfire:gold_pile":20,"minecraft:green_bed":8,"minecraft:smoker":7,"ars_nouveau:archwood_stairs":17,"minecraft:clay":13,"minecraft:torch":7,"ars_nouveau:archwood_door":3,"iceandfire:ghost_chest":1,"minecraft:chest":9,"minecraft:cobblestone":1,"minecraft:grindstone":1,"minecraft:sugar_cane":36,"minecraft:oak_planks":2,"minecraft:wall_torch":10,"forbidden_arcanus:aurum_log":23,"minecraft:dark_oak_door":1,"ars_nouveau:archwood_planks":100,"minecraft:birch_log":31,"ars_nouveau:stripped_purple_archwood_log":1,"minecraft:grass":109,"minecraft:oak_log":96,"minecraft:sand":92,"minecraft:dirt":45,"minecraft:oak_leaves":31,"minecraft:deepslate":1,"minecraft:tuff":2,"untamedwilds:flora_junegrass":1,"excavated_variants:tuff_copper_ore":4,"minecraft:mossy_cobblestone":3,"minecraft:dark_oak_leaves":6,"farmersdelight:wild_carrots":16,"minecraft:dark_oak_log":1,"create:ochrum":4,"excavated_variants:granite_coal_ore":2,"minecraft:hay_block":57,"untamedwilds:flora_yarrow":1,"minecraft:furnace":2,"minecraft:peony":2,"excavated_variants:tuff_iron_ore":8,"minecraft:deepslate_iron_ore":16,"minecraft:vine":1,"minecraft:stone":137,"minecraft:bone_block":51,"ars_nouveau:purple_archwood_log":210,"botania:lime_mystical_flower":8,"minecraft:redstone_block":1,"pipez:item_pipe":9,"minecraft:dandelion":2,"minecraft:crafting_table":7,"excavated_variants:diorite_iron_ore":5,"excavated_variants:andesite_copper_ore":1,"minecraft:tall_grass":4,"minecraft:diorite":1,"untamedwilds:block_burrow":3,"minecraft:birch_planks":7,"untamedwilds:trap_cage":2,"excavated_variants:create_ochrum_copper_ore":2,"minecraft:spruce_log":15,"minecraft:birch_leaves":4,"minecraft:coal_ore":47,"minecraft:gravel":68,"minecraft:cobweb":4,"minecraft:polished_andesite":2,"minecraft:spruce_fence_gate":1,"minecraft:stone_bricks":2},"minecraft:used":{"minecraft:iron_shovel":457,"easy_villagers:breeder":1,"mekanism:basic_fluid_tank":1,"minecraft:chest":38,"minecraft:iron_sword":205,"untamedwilds:trap_cage":2,"minecraft:rotten_flesh":4,"minecraft:tuff":2,"born_in_chaos_v1:corpse_maggot":3,"born_in_chaos_v1:smoked_flesh":1,"minecraft:lava_bucket":2,"easy_villagers:iron_farm":7,"minecraft:item_frame":9,"ars_nouveau:archwood_door":5,"pipez:item_pipe":17,"ars_nouveau:sourceberry_bush":1,"minecraft:furnace":6,"minecraft:egg":1,"minecraft:leather_leggings":1,"minecraft:oak_planks":15,"minecraft:stone_pickaxe":344,"minecraft:wooden_pickaxe":14,"minecraft:sand":2,"ars_nouveau:archwood_planks":814,"minecraft:bread":72,"minecraft:gravel":25,"minecraft:wooden_sword":50,"minecraft:grindstone":1,"minecraft:oak_boat":14,"ars_nouveau:archwood_stairs":17,"minecraft:flint_and_steel":64,"minecraft:spruce_planks":6,"simplyswords:gold_sai":28,"minecraft:cooked_chicken":5,"minecraft:torch":48,"create:ochrum":5,"minecraft:brewing_stand":1,"minecraft:dirt":100,"minecraft:dark_oak_planks":5,"minecraft:wooden_axe":50,"alexsmobs:maggot":1,"minecraft:iron_axe":578,"tombstone:gift":5,"minecraft:cooked_beef":8,"minecraft:cobbled_deepslate":1,"minecraft:cooked_mutton":13,"minecraft:birch_planks":28,"easy_villagers:farmer":1,"minecraft:birch_boat":4,"minecraft:green_bed":7,"minecraft:mossy_cobblestone":1,"minecraft:crafting_table":9,"minecraft:white_bed":3,"minecraft:smoker":7,"minecraft:dark_oak_door":1,"tombstone:bag_of_seeds":1,"minecraft:wooden_hoe":58,"minecraft:apple":8,"minecraft:spruce_sapling":3,"minecraft:stone_axe":113,"minecraft:cobblestone":33,"minecraft:bucket":2,"minecraft:glass_pane":16}},"DataVersion":3465}