{"stats":{"minecraft:used":{"simplyswords:gold_sai":28,"minecraft:cooked_chicken":5,"minecraft:rotten_flesh":4,"minecraft:dirt":36,"born_in_chaos_v1:corpse_maggot":3,"minecraft:wooden_axe":50,"minecraft:furnace":1,"ars_nouveau:sourceberry_bush":1,"tombstone:gift":2,"minecraft:egg":1,"minecraft:cooked_beef":3,"minecraft:cooked_mutton":6,"minecraft:leather_leggings":1,"minecraft:birch_planks":11,"minecraft:stone_pickaxe":118,"minecraft:oak_planks":3,"minecraft:birch_boat":2,"minecraft:wooden_pickaxe":14,"minecraft:green_bed":6,"minecraft:mossy_cobblestone":1,"minecraft:crafting_table":6,"minecraft:smoker":4,"tombstone:bag_of_seeds":1,"minecraft:apple":3,"minecraft:bread":4,"minecraft:stone_axe":100,"minecraft:oak_boat":9},"minecraft:killed":{"born_in_chaos_v1:restless_spirit":1,"minecraft:spider":3,"minecraft:chicken":10,"minecraft:drowned":1,"minecraft:pig":2,"grimoireofgaia:cecaelia":1,"minecraft:creeper":2,"born_in_chaos_v1:decrepit_skeleton":1,"minecraft:sheep":1,"minecraft:trader_llama":4,"born_in_chaos_v1:decaying_zombie":1,"minecraft:zombie":1,"born_in_chaos_v1:corpse_fly":3,"minecraft:cow":1},"minecraft:crafted":{"minecraft:oak_planks":72,"minecraft:birch_boat":1,"minecraft:cooked_chicken":9,"minecraft:furnace":1,"cyclic:crafting_stick":4,"minecraft:cooked_mutton":12,"minecraft:stone_pickaxe":1,"minecraft:smoker":1,"minecraft:cooked_beef":3,"minecraft:crafting_table":5,"minecraft:wooden_pickaxe":1,"minecraft:birch_planks":40,"minecraft:stone_axe":1,"minecraft:air":0,"minecraft:oak_boat":1,"minecraft:stick":12,"minecraft:wooden_axe":1},"minecraft:dropped":{"minecraft:clay":1,"minecraft:wheat_seeds":1,"minecraft:tnt":1,"untamedwilds:flora_yarrow":1,"minecraft:feather":7,"forbidden_arcanus:golden_orchid_seeds":3,"minecraft:dirt":4,"ars_nouveau:worn_notebook":1,"born_in_chaos_v1:river_mint":3,"minecraft:wooden_axe":1,"tombstone:grave_dust":1,"minecraft:gold_nugget":3,"potionsmaster:bezoar":1,"cyclic:crafting_stick":1,"minecraft:stone_axe":1,"minecraft:iron_nugget":1,"minecraft:cooked_chicken":2,"simplyswords:gold_sai":1,"alexsmobs:animal_dictionary":1,"minecraft:rotten_flesh":7,"alexsmobs:ancient_dart":2,"patchouli:guide_book":2,"mysticalagriculture:inferium_essence":2,"minecraft:oak_sapling":3,"minecraft:spider_eye":1,"integrateddynamics:on_the_dynamics_of_integration":1,"minecraft:stone_pickaxe":1,"minecraft:wooden_pickaxe":1},"minecraft:killed_by":{"minecraft:wolf":1,"iceandfire:cyclops":2,"born_in_chaos_v1:corpse_fly":1,"grimoireofgaia:cecaelia":1,"iceandfire:fire_dragon":2},"minecraft:custom":{"lootr:looted_stat":10,"minecraft:mob_kills":32,"minecraft:interact_with_crafting_table":6,"minecraft:leave_game":6,"minecraft:time_since_death":4620,"minecraft:climb_one_cm":203,"minecraft:sprint_one_cm":273468,"minecraft:walk_one_cm":219235,"minecraft:drop":34,"minecraft:talked_to_villager":4,"minecraft:play_time":107980,"minecraft:deaths":8,"minecraft:sneak_time":919,"minecraft:walk_under_water_one_cm":5064,"minecraft:boat_one_cm":314795,"minecraft:jump":1888,"minecraft:walk_on_water_one_cm":18345,"minecraft:total_world_time":107980,"minecraft:interact_with_furnace":4,"minecraft:pot_flower":1,"minecraft:sleep_in_bed":3,"minecraft:time_since_rest":4212,"minecraft:damage_taken":3873,"minecraft:damage_dealt":5197,"minecraft:swim_one_cm":40955,"minecraft:fly_one_cm":384564,"minecraft:crouch_one_cm":1561,"tombstone:undead_killed":4,"minecraft:interact_with_smoker":19,"minecraft:fall_one_cm":42616},"minecraft:picked_up":{"minecraft:crafting_table":6,"minecraft:chicken":12,"born_in_chaos_v1:river_mint":3,"minecraft:lead":4,"minecraft:wooden_pickaxe":1,"minecraft:string":6,"mysticalagriculture:inferium_essence":9,"minecraft:gold_nugget":204,"minecraft:beef":3,"minecraft:oak_boat":9,"minecraft:iron_nugget":1,"minecraft:sugar_cane":47,"minecraft:birch_sapling":2,"minecraft:egg":4,"minecraft:furnace":2,"minecraft:stick":6,"apotheosis:gem":1,"minecraft:green_bed":8,"potionsmaster:bezoar":1,"minecraft:porkchop":5,"minecraft:tnt":2,"minecraft:rotten_flesh":7,"ars_nouveau:worn_notebook":1,"untamedwilds:flora_yarrow":1,"minecraft:mutton":1,"minecraft:cobblestone":33,"minecraft:bone_block":51,"minecraft:white_wool":1,"minecraft:birch_log":15,"born_in_chaos_v1:corpse_maggot":3,"minecraft:feather":7,"minecraft:leather":4,"integrateddynamics:on_the_dynamics_of_integration":3,"minecraft:smoker":4,"minecraft:birch_planks":7,"minecraft:oak_log":38,"minecraft:dirt":46,"minecraft:apple":3,"minecraft:wheat_seeds":1,"minecraft:oak_planks":45,"minecraft:birch_boat":1,"minecraft:pumpkin":3,"patchouli:guide_book":4,"born_in_chaos_v1:ethereal_spirit":1,"minecraft:spider_eye":1,"alexsmobs:animal_dictionary":1,"minecraft:mossy_cobblestone":1,"minecraft:clay":1,"minecraft:oak_sapling":8,"minecraft:coal":14},"minecraft:mined":{"minecraft:spruce_planks":3,"minecraft:mossy_cobblestone":1,"minecraft:grass_block":11,"untamedwilds:flora_yarrow":1,"minecraft:furnace":2,"minecraft:pumpkin":3,"iceandfire:gold_pile":20,"minecraft:vine":1,"minecraft:stone":38,"minecraft:bone_block":51,"minecraft:green_bed":8,"minecraft:smoker":4,"minecraft:crafting_table":6,"iceandfire:ghost_chest":1,"minecraft:tall_grass":1,"minecraft:sugar_cane":21,"minecraft:oak_planks":2,"minecraft:birch_planks":7,"minecraft:birch_log":15,"minecraft:birch_leaves":3,"minecraft:grass":7,"minecraft:oak_log":47,"minecraft:coal_ore":11,"minecraft:dirt":12,"minecraft:sand":3,"minecraft:stone_bricks":2,"minecraft:oak_leaves":12}},"DataVersion":3465}