{"stats":{"minecraft:dropped":{"minecraft:clay":1,"minecraft:cooked_beef":2,"forbidden_arcanus:golden_orchid_seeds":3,"minecraft:dirt":4,"minecraft:gold_nugget":3,"minecraft:wooden_sword":1,"cyclic:crafting_stick":1,"minecraft:stone_axe":1,"simplyswords:runic_tablet":1,"minecraft:iron_nugget":1,"minecraft:cooked_chicken":2,"alexsmobs:animal_dictionary":1,"minecraft:wheat":2,"born_in_chaos_v1:ethereal_spirit":2,"minecraft:rotten_flesh":7,"patchouli:guide_book":9,"mysticalagriculture:inferium_essence":2,"decorative_blocks:dark_oak_palisade":6,"untamedwilds:flora_eelgrass":1,"minecraft:enchanted_book":2,"minecraft:bread":6,"minecraft:wheat_seeds":1,"minecraft:tnt":1,"untamedwilds:flora_yarrow":1,"minecraft:feather":7,"minecraft:cobblestone":1,"ars_nouveau:worn_notebook":1,"born_in_chaos_v1:river_mint":3,"minecraft:wooden_axe":2,"tombstone:grave_dust":1,"potionsmaster:bezoar":3,"simplyswords:gold_sai":1,"alexsmobs:ancient_dart":2,"sophisticatedbackpacks:backpack":1,"minecraft:oak_sapling":3,"minecraft:spider_eye":1,"integrateddynamics:on_the_dynamics_of_integration":3,"minecraft:stone_pickaxe":1,"minecraft:wooden_pickaxe":1},"minecraft:killed":{"minecraft:witch":1,"born_in_chaos_v1:restless_spirit":1,"born_in_chaos_v1:door_knight_not_despawn":1,"minecraft:spider":5,"grimoireofgaia:minotaurus":1,"minecraft:skeleton":2,"minecraft:chicken":10,"grimoireofgaia:mandragora":1,"divinerpg:crab":1,"minecraft:pig":2,"irons_spellbooks:necromancer":1,"minecraft:creeper":2,"minecraft:sheep":6,"minecraft:trader_llama":12,"minecraft:pillager":4,"minecraft:zombie":3,"born_in_chaos_v1:corpse_fly":4,"grimoireofgaia:harpy":3,"iceandfire:pixie":1,"minecraft:cow":4,"minecraft:drowned":1,"born_in_chaos_v1:corpse_fish":2,"grimoireofgaia:cecaelia":1,"minecraft:wandering_trader":2,"born_in_chaos_v1:decrepit_skeleton":2,"born_in_chaos_v1:decaying_zombie":1,"iceandfire:ghost":1,"ars_nouveau:whirlisprig":1,"grimoireofgaia:werecat":1},"minecraft:picked_up":{"minecraft:wooden_axe":1,"ars_nouveau:caster_tome":2,"minecraft:wheat":2,"chococraft:loverly_gysahl_green":8,"minecraft:redstone_block":1,"minecraft:lead":9,"minecraft:potion":1,"minecraft:enchanted_book":2,"cyclic:crafting_stick":3,"minecraft:brewing_stand":1,"minecraft:string":10,"irons_spellbooks:arcane_essence":12,"mysticalagriculture:inferium_essence":25,"minecraft:gold_nugget":214,"minecraft:cobbled_deepslate":1,"minecraft:spruce_planks":2,"minecraft:rose_bush":3,"minecraft:dark_oak_door":1,"minecraft:furnace":2,"minecraft:iron_boots":1,"grimoireofgaia:taproot":4,"iceandfire:pixie_dust":2,"minecraft:stick":42,"apotheosis:gem":5,"ars_nouveau:stripped_purple_archwood_log":1,"minecraft:green_bed":9,"minecraft:torch":8,"potionsmaster:bezoar":7,"minecraft:porkchop":5,"minecraft:diorite":1,"tombstone:grave_dust":1,"minecraft:rotten_flesh":12,"ars_nouveau:worn_notebook":2,"untamedwilds:trap_cage":3,"supplementaries:ash":2,"untamedwilds:flora_yarrow":1,"minecraft:cobblestone":54,"minecraft:birch_log":37,"minecraft:feather":9,"minecraft:lilac":3,"ars_nouveau:archwood_door":6,"minecraft:smoker":7,"paraglider:spirit_orb":2,"minecraft:flint":2,"evilcraft:flesh_humanoid":2,"minecraft:dirt":349,"minecraft:name_tag":2,"cyclic:flower_cyan":1,"untamedwilds:flora_junegrass":2,"minecraft:bone":19,"ars_nouveau:source_gem":4,"minecraft:wheat_seeds":18,"minecraft:bamboo":2,"minecraft:pitcher_pod":3,"minecraft:oak_planks":48,"patchouli:guide_book":7,"minecraft:sand":4,"ars_nouveau:music_disc_aria_biblio":1,"minecraft:dark_oak_log":25,"alexsmobs:animal_dictionary":3,"minecraft:mossy_cobblestone":1,"minecraft:bundle":2,"minecraft:spruce_fence_gate":1,"minecraft:polished_andesite":2,"minecraft:clay":1,"minecraft:bone_meal":1,"minecraft:bread":16,"alexsmobs:maggot":1,"minecraft:oak_sapling":32,"born_in_chaos_v1:rotten_fish":2,"divinerpg:jungle_spider_pumpkin":1,"minecraft:crafting_table":7,"minecraft:chicken":14,"born_in_chaos_v1:river_mint":3,"irons_spellbooks:tarnished_helmet":2,"minecraft:wooden_pickaxe":1,"ars_nouveau:archwood_planks":88,"minecraft:item_frame":1,"minecraft:iron_shovel":2,"simplyswords:runic_tablet":2,"minecraft:beef":10,"minecraft:oak_boat":11,"minecraft:iron_nugget":6,"minecraft:sugar_cane":80,"minecraft:chest":9,"minecraft:birch_sapling":14,"minecraft:egg":4,"minecraft:dark_oak_sapling":7,"minecraft:raw_iron":40,"reliquary:catalyzing_gland":3,"ars_nouveau:purple_archwood_log":203,"grimoireofgaia:box_gold":2,"evilcraft:origins_of_darkness":1,"minecraft:spruce_fence":1,"ars_nouveau:purple_archwood_sapling":74,"botania:lime_double_flower":2,"minecraft:carrot":1,"minecraft:dark_oak_planks":40,"minecraft:tnt":2,"botania:lime_mystical_flower":16,"minecraft:arrow":1,"divinerpg:jungle_shards":3,"minecraft:hay_block":16,"minecraft:mutton":8,"minecraft:white_wool":13,"minecraft:bone_block":51,"born_in_chaos_v1:corpse_maggot":3,"integrateddynamics:on_the_dynamics_of_integration":6,"minecraft:leather":15,"forbidden_arcanus:aurum_log":16,"minecraft:birch_planks":24,"ars_nouveau:wilden_wing":3,"minecraft:oak_log":100,"iceandfire:ectoplasm":2,"forbidden_arcanus:aurum_sapling":11,"minecraft:white_banner":2,"tombstone:gift":1,"chococraft:gold_gysahl":2,"chococraft:gysahl_green":92,"minecraft:apple":20,"minecraft:kelp":20,"ars_nouveau:archwood_stairs":33,"born_in_chaos_v1:smoked_flesh":4,"grimoireofgaia:zombie_staff":1,"minecraft:pumpkin":3,"minecraft:birch_boat":4,"born_in_chaos_v1:ethereal_spirit":3,"minecraft:dandelion":1,"untamedwilds:flora_eelgrass":1,"minecraft:gravel":42,"ars_nouveau:bastion_pod":16,"chococraft:gysahl_green_seeds":36,"minecraft:white_bed":3,"minecraft:spruce_log":3,"minecraft:spider_eye":3,"minecraft:black_wool":3,"minecraft:coal":25},"minecraft:custom":{"lootr:looted_stat":19,"minecraft:interact_with_crafting_table":25,"minecraft:open_barrel":19,"minecraft:leave_game":8,"minecraft:time_since_death":17556,"minecraft:damage_resisted":0,"minecraft:sprint_one_cm":812377,"minecraft:drop":66,"minecraft:talked_to_villager":11,"minecraft:play_time":275407,"minecraft:deaths":23,"minecraft:jump":5477,"minecraft:interact_with_brewingstand":1,"minecraft:walk_on_water_one_cm":41531,"minecraft:interact_with_furnace":4,"minecraft:sleep_in_bed":15,"minecraft:waystone_activated":1,"minecraft:damage_dealt":18040,"minecraft:crouch_one_cm":19900,"tombstone:undead_killed":12,"tombstone:villager_killed":2,"minecraft:interact_with_smoker":22,"minecraft:mob_kills":77,"minecraft:damage_dealt_resisted":274,"minecraft:climb_one_cm":203,"minecraft:walk_one_cm":625261,"minecraft:sneak_time":6299,"minecraft:walk_under_water_one_cm":18812,"minecraft:boat_one_cm":495883,"minecraft:total_world_time":275407,"tombstone:raider_killed":5,"minecraft:pot_flower":1,"minecraft:time_since_rest":4238,"minecraft:damage_taken":11506,"tombstone:cast_on_ally":0,"minecraft:swim_one_cm":135766,"minecraft:fly_one_cm":1202006,"minecraft:open_chest":215,"minecraft:fall_one_cm":147865},"minecraft:killed_by":{"iceandfire:cyclops":6,"minecraft:creeper":1,"minecraft:pillager":1,"born_in_chaos_v1:corpse_fly":1,"divinerpg:kobblin":6,"grimoireofgaia:minotaur":1,"grimoireofgaia:cecaelia":1,"grimoireofgaia:harpy":1,"iceandfire:fire_dragon":2,"minecraft:wolf":1},"minecraft:crafted":{"minecraft:oak_planks":256,"untamedwilds:trap_cage":1,"ars_nouveau:archwood_planks":816,"minecraft:cooked_chicken":9,"minecraft:birch_boat":1,"cyclic:crafting_stick":4,"minecraft:cooked_mutton":12,"minecraft:iron_bars":16,"minecraft:dark_oak_door":3,"ars_nouveau:archwood_door":3,"minecraft:chest":29,"minecraft:smoker":1,"minecraft:item_frame":7,"sophisticatedbackpacks:backpack":2,"minecraft:crafting_table":7,"minecraft:spruce_planks":12,"minecraft:wooden_pickaxe":1,"minecraft:birch_planks":68,"minecraft:stick":56,"minecraft:furnace":1,"minecraft:dark_oak_trapdoor":2,"minecraft:flint_and_steel":1,"minecraft:iron_axe":5,"minecraft:stone_pickaxe":1,"minecraft:dark_oak_planks":92,"minecraft:wheat":144,"minecraft:cooked_beef":10,"decorative_blocks:dark_oak_palisade":6,"minecraft:iron_sword":1,"minecraft:stone_axe":1,"minecraft:air":0,"minecraft:bread":48,"minecraft:oak_boat":2,"ars_nouveau:archwood_stairs":16,"minecraft:wooden_axe":1,"minecraft:iron_shovel":3,"minecraft:torch":64},"minecraft:broken":{"minecraft:leather_leggings":1,"minecraft:flint_and_steel":1,"minecraft:leather_chestplate":1,"minecraft:iron_axe":1},"minecraft:mined":{"minecraft:dark_oak_planks":1,"minecraft:spruce_planks":5,"minecraft:white_bed":2,"minecraft:brewing_stand":1,"minecraft:grass_block":267,"minecraft:iron_ore":11,"botania:lime_double_flower":1,"minecraft:pumpkin":3,"chococraft:gysahl_green":18,"iceandfire:gold_pile":20,"minecraft:green_bed":8,"minecraft:smoker":7,"ars_nouveau:archwood_stairs":17,"minecraft:torch":5,"ars_nouveau:archwood_door":3,"iceandfire:ghost_chest":1,"minecraft:chest":9,"minecraft:cobblestone":1,"minecraft:sugar_cane":36,"minecraft:oak_planks":2,"minecraft:wall_torch":3,"forbidden_arcanus:aurum_log":23,"minecraft:dark_oak_door":1,"ars_nouveau:archwood_planks":82,"minecraft:birch_log":31,"ars_nouveau:stripped_purple_archwood_log":1,"minecraft:grass":101,"minecraft:oak_log":96,"minecraft:sand":4,"minecraft:dirt":43,"minecraft:oak_leaves":31,"minecraft:deepslate":1,"untamedwilds:flora_junegrass":1,"minecraft:mossy_cobblestone":3,"minecraft:dark_oak_leaves":6,"minecraft:dark_oak_log":1,"minecraft:hay_block":16,"untamedwilds:flora_yarrow":1,"minecraft:furnace":2,"excavated_variants:tuff_iron_ore":8,"minecraft:deepslate_iron_ore":16,"minecraft:vine":1,"minecraft:stone":59,"minecraft:bone_block":51,"ars_nouveau:purple_archwood_log":210,"botania:lime_mystical_flower":8,"minecraft:redstone_block":1,"minecraft:dandelion":2,"minecraft:crafting_table":7,"excavated_variants:diorite_iron_ore":5,"minecraft:tall_grass":4,"minecraft:diorite":1,"untamedwilds:block_burrow":3,"minecraft:birch_planks":7,"untamedwilds:trap_cage":2,"minecraft:spruce_log":3,"minecraft:birch_leaves":4,"minecraft:coal_ore":23,"minecraft:gravel":44,"minecraft:cobweb":4,"minecraft:polished_andesite":2,"minecraft:spruce_fence_gate":1,"minecraft:stone_bricks":2},"minecraft:used":{"minecraft:iron_shovel":327,"minecraft:chest":36,"minecraft:iron_sword":122,"untamedwilds:trap_cage":2,"minecraft:rotten_flesh":4,"born_in_chaos_v1:corpse_maggot":3,"born_in_chaos_v1:smoked_flesh":1,"minecraft:item_frame":8,"ars_nouveau:archwood_door":5,"ars_nouveau:sourceberry_bush":1,"minecraft:furnace":1,"minecraft:egg":1,"minecraft:leather_leggings":1,"minecraft:oak_planks":15,"minecraft:stone_pickaxe":217,"minecraft:wooden_pickaxe":14,"minecraft:sand":1,"ars_nouveau:archwood_planks":811,"minecraft:bread":49,"minecraft:gravel":10,"minecraft:wooden_sword":50,"minecraft:oak_boat":14,"ars_nouveau:archwood_stairs":17,"minecraft:flint_and_steel":64,"minecraft:spruce_planks":4,"simplyswords:gold_sai":28,"minecraft:cooked_chicken":5,"minecraft:torch":30,"minecraft:brewing_stand":1,"minecraft:dirt":100,"minecraft:dark_oak_planks":5,"minecraft:wooden_axe":50,"alexsmobs:maggot":1,"minecraft:iron_axe":547,"tombstone:gift":5,"minecraft:cooked_beef":8,"minecraft:cobbled_deepslate":1,"minecraft:cooked_mutton":13,"minecraft:birch_planks":28,"minecraft:birch_boat":4,"minecraft:green_bed":7,"minecraft:mossy_cobblestone":1,"minecraft:crafting_table":9,"minecraft:white_bed":3,"minecraft:smoker":7,"minecraft:dark_oak_door":1,"tombstone:bag_of_seeds":1,"minecraft:wooden_hoe":17,"minecraft:apple":8,"minecraft:stone_axe":113,"minecraft:cobblestone":30}},"DataVersion":3465}