{"stats":{"minecraft:picked_up":{"integrateddynamics:on_the_dynamics_of_integration":1,"mysticalagriculture:inferium_essence":1,"minecraft:dirt":4,"minecraft:string":2},"minecraft:killed_by":{"grimoireofgaia:cecaelia":1},"minecraft:used":{"minecraft:dirt":2},"minecraft:killed":{"minecraft:spider":1},"minecraft:mined":{"minecraft:grass":3,"minecraft:grass_block":1,"minecraft:dirt":3},"minecraft:custom":{"minecraft:time_since_rest":2282,"minecraft:crouch_one_cm":104,"minecraft:sprint_one_cm":14076,"minecraft:play_time":10020,"minecraft:deaths":1,"minecraft:damage_taken":385,"minecraft:walk_one_cm":22571,"minecraft:sneak_time":14,"minecraft:mob_kills":1,"minecraft:jump":31,"minecraft:damage_dealt":167,"minecraft:leave_game":5,"minecraft:time_since_death":2592,"minecraft:total_world_time":10020,"minecraft:fall_one_cm":269,"minecraft:fly_one_cm":3041}},"DataVersion":3465}