{"stats":{"minecraft:used":{"minecraft:iron_shovel":68,"minecraft:chest":4,"simplyswords:gold_sai":28,"minecraft:cooked_chicken":5,"minecraft:rotten_flesh":4,"minecraft:torch":9,"minecraft:dirt":72,"minecraft:dark_oak_planks":5,"born_in_chaos_v1:corpse_maggot":3,"minecraft:wooden_axe":50,"born_in_chaos_v1:smoked_flesh":1,"minecraft:iron_axe":337,"ars_nouveau:archwood_door":4,"minecraft:furnace":1,"ars_nouveau:sourceberry_bush":1,"tombstone:gift":3,"minecraft:egg":1,"minecraft:cooked_beef":8,"minecraft:cooked_mutton":13,"minecraft:leather_leggings":1,"minecraft:birch_planks":11,"minecraft:stone_pickaxe":137,"minecraft:oak_planks":15,"minecraft:birch_boat":4,"minecraft:wooden_pickaxe":14,"minecraft:green_bed":7,"minecraft:mossy_cobblestone":1,"minecraft:crafting_table":8,"ars_nouveau:archwood_planks":584,"minecraft:white_bed":2,"minecraft:dark_oak_door":1,"minecraft:smoker":7,"tombstone:bag_of_seeds":1,"minecraft:wooden_hoe":17,"minecraft:apple":8,"minecraft:bread":15,"minecraft:stone_axe":113,"minecraft:wooden_sword":50,"minecraft:cobblestone":15,"ars_nouveau:archwood_stairs":17,"minecraft:oak_boat":14},"minecraft:broken":{"minecraft:leather_leggings":1,"minecraft:leather_chestplate":1,"minecraft:iron_axe":1},"minecraft:killed":{"born_in_chaos_v1:restless_spirit":1,"born_in_chaos_v1:door_knight_not_despawn":1,"minecraft:spider":3,"minecraft:skeleton":1,"minecraft:chicken":10,"born_in_chaos_v1:corpse_fish":2,"minecraft:drowned":1,"grimoireofgaia:mandragora":1,"divinerpg:crab":1,"minecraft:pig":2,"grimoireofgaia:cecaelia":1,"minecraft:wandering_trader":1,"minecraft:creeper":2,"born_in_chaos_v1:decrepit_skeleton":1,"minecraft:sheep":6,"minecraft:trader_llama":6,"born_in_chaos_v1:decaying_zombie":1,"minecraft:zombie":2,"born_in_chaos_v1:corpse_fly":4,"iceandfire:pixie":1,"grimoireofgaia:werecat":1,"minecraft:cow":4},"minecraft:crafted":{"minecraft:oak_planks":84,"ars_nouveau:archwood_planks":588,"minecraft:birch_boat":1,"minecraft:cooked_chicken":9,"minecraft:furnace":1,"cyclic:crafting_stick":4,"minecraft:cooked_mutton":12,"minecraft:dark_oak_door":3,"minecraft:iron_axe":2,"ars_nouveau:archwood_door":3,"minecraft:stone_pickaxe":1,"minecraft:chest":6,"minecraft:dark_oak_planks":92,"minecraft:wheat":144,"minecraft:smoker":1,"minecraft:cooked_beef":10,"decorative_blocks:dark_oak_palisade":6,"sophisticatedbackpacks:backpack":2,"minecraft:crafting_table":7,"minecraft:wooden_pickaxe":1,"minecraft:birch_planks":40,"minecraft:stone_axe":1,"minecraft:bread":48,"minecraft:air":0,"minecraft:oak_boat":2,"minecraft:stick":28,"ars_nouveau:archwood_stairs":16,"minecraft:wooden_axe":1,"minecraft:torch":64},"minecraft:dropped":{"untamedwilds:flora_eelgrass":1,"minecraft:enchanted_book":2,"minecraft:bread":5,"minecraft:clay":1,"minecraft:wheat_seeds":1,"minecraft:cooked_beef":2,"minecraft:tnt":1,"untamedwilds:flora_yarrow":1,"minecraft:feather":7,"minecraft:cobblestone":1,"forbidden_arcanus:golden_orchid_seeds":3,"minecraft:dirt":4,"ars_nouveau:worn_notebook":1,"born_in_chaos_v1:river_mint":3,"minecraft:wooden_axe":2,"tombstone:grave_dust":1,"minecraft:wooden_sword":1,"minecraft:gold_nugget":3,"potionsmaster:bezoar":3,"cyclic:crafting_stick":1,"minecraft:stone_axe":1,"simplyswords:runic_tablet":1,"minecraft:iron_nugget":1,"minecraft:cooked_chicken":2,"simplyswords:gold_sai":1,"alexsmobs:animal_dictionary":1,"minecraft:wheat":2,"born_in_chaos_v1:ethereal_spirit":2,"minecraft:rotten_flesh":7,"alexsmobs:ancient_dart":2,"sophisticatedbackpacks:backpack":1,"patchouli:guide_book":9,"mysticalagriculture:inferium_essence":2,"minecraft:oak_sapling":3,"decorative_blocks:dark_oak_palisade":6,"minecraft:spider_eye":1,"integrateddynamics:on_the_dynamics_of_integration":3,"minecraft:stone_pickaxe":1,"minecraft:wooden_pickaxe":1},"minecraft:killed_by":{"minecraft:wolf":1,"iceandfire:cyclops":6,"born_in_chaos_v1:corpse_fly":1,"divinerpg:kobblin":1,"grimoireofgaia:cecaelia":1,"iceandfire:fire_dragon":2},"minecraft:custom":{"lootr:looted_stat":19,"minecraft:mob_kills":53,"minecraft:interact_with_crafting_table":14,"minecraft:open_barrel":19,"minecraft:damage_dealt_resisted":274,"minecraft:leave_game":6,"minecraft:time_since_death":84933,"minecraft:climb_one_cm":203,"minecraft:damage_resisted":0,"minecraft:sprint_one_cm":554817,"minecraft:walk_one_cm":421869,"minecraft:drop":65,"minecraft:talked_to_villager":8,"minecraft:play_time":203980,"minecraft:deaths":13,"minecraft:sneak_time":3446,"minecraft:walk_under_water_one_cm":9772,"minecraft:boat_one_cm":495883,"minecraft:jump":4108,"minecraft:walk_on_water_one_cm":31636,"minecraft:total_world_time":203980,"minecraft:interact_with_furnace":4,"minecraft:pot_flower":1,"minecraft:sleep_in_bed":9,"minecraft:time_since_rest":7740,"minecraft:waystone_activated":1,"minecraft:damage_taken":7154,"minecraft:damage_dealt":8639,"tombstone:cast_on_ally":0,"minecraft:swim_one_cm":105478,"minecraft:fly_one_cm":900161,"minecraft:open_chest":34,"minecraft:crouch_one_cm":12576,"tombstone:undead_killed":7,"tombstone:villager_killed":1,"minecraft:interact_with_smoker":22,"minecraft:fall_one_cm":114284},"minecraft:picked_up":{"divinerpg:jungle_spider_pumpkin":1,"ars_nouveau:caster_tome":2,"minecraft:wheat":2,"minecraft:crafting_table":6,"minecraft:chicken":14,"born_in_chaos_v1:river_mint":3,"minecraft:lead":6,"minecraft:wooden_pickaxe":1,"minecraft:enchanted_book":1,"minecraft:potion":1,"cyclic:crafting_stick":2,"ars_nouveau:archwood_planks":74,"minecraft:string":10,"minecraft:iron_shovel":2,"irons_spellbooks:arcane_essence":4,"simplyswords:runic_tablet":2,"mysticalagriculture:inferium_essence":12,"minecraft:gold_nugget":204,"minecraft:beef":10,"minecraft:oak_boat":11,"minecraft:iron_nugget":2,"minecraft:sugar_cane":80,"minecraft:birch_sapling":2,"minecraft:dark_oak_door":1,"ars_nouveau:purple_archwood_log":203,"grimoireofgaia:taproot":4,"minecraft:egg":4,"minecraft:furnace":2,"iceandfire:pixie_dust":1,"minecraft:dark_oak_sapling":7,"reliquary:catalyzing_gland":3,"minecraft:stick":16,"apotheosis:gem":5,"ars_nouveau:stripped_purple_archwood_log":1,"evilcraft:origins_of_darkness":1,"minecraft:green_bed":9,"potionsmaster:bezoar":5,"minecraft:spruce_fence":1,"ars_nouveau:purple_archwood_sapling":37,"minecraft:porkchop":5,"botania:lime_double_flower":1,"minecraft:carrot":1,"minecraft:dark_oak_planks":40,"minecraft:arrow":1,"minecraft:tnt":2,"botania:lime_mystical_flower":8,"minecraft:rotten_flesh":10,"divinerpg:jungle_shards":3,"ars_nouveau:worn_notebook":2,"minecraft:hay_block":16,"untamedwilds:flora_yarrow":1,"minecraft:mutton":8,"minecraft:cobblestone":39,"minecraft:bone_block":51,"minecraft:white_wool":13,"minecraft:birch_log":20,"born_in_chaos_v1:corpse_maggot":3,"minecraft:feather":7,"ars_nouveau:archwood_door":1,"minecraft:leather":8,"integrateddynamics:on_the_dynamics_of_integration":6,"paraglider:spirit_orb":2,"ars_nouveau:wilden_wing":3,"minecraft:smoker":7,"minecraft:birch_planks":24,"minecraft:oak_log":57,"minecraft:dirt":113,"tombstone:gift":1,"untamedwilds:flora_junegrass":1,"minecraft:name_tag":2,"minecraft:bone":17,"minecraft:kelp":20,"minecraft:apple":16,"ars_nouveau:source_gem":4,"minecraft:wheat_seeds":13,"ars_nouveau:archwood_stairs":7,"minecraft:bamboo":2,"minecraft:pitcher_pod":3,"minecraft:oak_planks":48,"minecraft:birch_boat":4,"minecraft:pumpkin":3,"patchouli:guide_book":7,"born_in_chaos_v1:ethereal_spirit":3,"minecraft:dandelion":1,"untamedwilds:flora_eelgrass":1,"ars_nouveau:bastion_pod":8,"ars_nouveau:music_disc_aria_biblio":1,"minecraft:white_bed":2,"minecraft:dark_oak_log":25,"minecraft:spider_eye":1,"alexsmobs:animal_dictionary":3,"minecraft:mossy_cobblestone":1,"minecraft:spruce_fence_gate":1,"minecraft:clay":1,"minecraft:bone_meal":1,"minecraft:bread":15,"born_in_chaos_v1:rotten_fish":1,"minecraft:oak_sapling":14,"minecraft:black_wool":3,"minecraft:coal":14,"minecraft:wooden_axe":1},"minecraft:mined":{"minecraft:spruce_planks":3,"minecraft:white_bed":1,"untamedwilds:flora_junegrass":1,"minecraft:mossy_cobblestone":3,"minecraft:dark_oak_leaves":6,"minecraft:dark_oak_log":1,"minecraft:grass_block":56,"minecraft:hay_block":16,"untamedwilds:flora_yarrow":1,"minecraft:furnace":2,"botania:lime_double_flower":1,"minecraft:pumpkin":3,"iceandfire:gold_pile":20,"minecraft:vine":1,"minecraft:stone":44,"minecraft:bone_block":51,"ars_nouveau:purple_archwood_log":210,"minecraft:green_bed":8,"botania:lime_mystical_flower":8,"minecraft:smoker":7,"minecraft:dandelion":2,"ars_nouveau:archwood_stairs":7,"minecraft:crafting_table":6,"ars_nouveau:archwood_door":1,"iceandfire:ghost_chest":1,"minecraft:tall_grass":2,"minecraft:sugar_cane":36,"minecraft:oak_planks":2,"untamedwilds:block_burrow":1,"minecraft:birch_planks":7,"minecraft:dark_oak_door":1,"ars_nouveau:archwood_planks":74,"minecraft:birch_log":15,"ars_nouveau:stripped_purple_archwood_log":1,"minecraft:birch_leaves":3,"minecraft:grass":72,"minecraft:oak_log":50,"minecraft:coal_ore":11,"minecraft:dirt":34,"minecraft:sand":3,"minecraft:cobweb":4,"minecraft:spruce_fence_gate":1,"minecraft:stone_bricks":2,"minecraft:oak_leaves":28,"minecraft:dark_oak_planks":1}},"DataVersion":3465}