{"stats":{"minecraft:broken":{"minecraft:leather_leggings":1,"minecraft:iron_boots":1,"minecraft:flint_and_steel":1,"minecraft:leather_chestplate":1,"minecraft:iron_axe":3},"minecraft:mined":{"minecraft:spruce_planks":12,"minecraft:white_bed":2,"minecraft:farmland":1,"excavated_variants:tuff_lapis_ore":1,"minecraft:brewing_stand":1,"minecraft:granite":108,"minecraft:grass_block":452,"minecraft:hopper":1,"minecraft:spawner":1,"minecraft:iron_ore":15,"minecraft:fire":18,"botania:lime_double_flower":1,"minecraft:pumpkin":3,"minecraft:anvil":1,"minecraft:deepslate_lapis_ore":2,"supplementaries:stick":1,"chococraft:gysahl_green":18,"iceandfire:gold_pile":20,"powah:uraninite_ore_poor":6,"simpleores:tin_ore":4,"minecraft:green_bed":8,"minecraft:deepslate_redstone_ore":17,"botanypots:terracotta_hopper_botany_pot":3,"minecraft:smoker":7,"ars_nouveau:archwood_stairs":17,"minecraft:clay":49,"minecraft:torch":16,"iceandfire:ghost_chest":1,"minecraft:chest":17,"ars_nouveau:archwood_door":3,"minecraft:cobblestone":12,"minecraft:grindstone":1,"minecraft:oak_planks":2,"minecraft:sugar_cane":36,"minecraft:wall_torch":30,"excavated_variants:diorite_zinc_ore":6,"forbidden_arcanus:aurum_log":23,"minecraft:dark_oak_door":1,"ars_nouveau:archwood_planks":110,"minecraft:birch_log":31,"ars_nouveau:stripped_purple_archwood_log":1,"simpleores:deepslate_tin_ore":1,"minecraft:grass":143,"minecraft:oak_log":96,"minecraft:sand":267,"minecraft:dirt":178,"minecraft:oak_leaves":85,"minecraft:deepslate":6,"minecraft:tuff":2,"untamedwilds:flora_junegrass":1,"excavated_variants:tuff_copper_ore":4,"minecraft:mossy_cobblestone":3,"minecraft:dark_oak_leaves":6,"farmersdelight:wild_carrots":16,"minecraft:dark_oak_log":1,"minecraft:ladder":3,"excavated_variants:andesite_uraninite_ore_poor":1,"create:ochrum":4,"minecraft:spruce_leaves":4,"excavated_variants:granite_coal_ore":2,"minecraft:hay_block":57,"untamedwilds:flora_yarrow":1,"minecraft:spruce_sapling":10,"minecraft:furnace":2,"minecraft:andesite":333,"evilcraft:dark_ore":2,"minecraft:peony":2,"mekanism:basic_fluid_tank":3,"excavated_variants:tuff_iron_ore":8,"minecraft:vine":1,"minecraft:deepslate_iron_ore":16,"easy_villagers:trader":29,"minecraft:stone":663,"minecraft:bone_block":51,"minecraft:white_wool":15,"ars_nouveau:purple_archwood_log":268,"excavated_variants:diorite_tin_ore":1,"botania:lime_mystical_flower":8,"minecraft:redstone_block":1,"minecraft:dandelion":2,"pipez:item_pipe":31,"minecraft:crafting_table":7,"excavated_variants:diorite_iron_ore":5,"excavated_variants:andesite_copper_ore":3,"minecraft:copper_ore":10,"minecraft:tall_grass":8,"minecraft:diorite":63,"supplementaries:urn":7,"minecraft:birch_planks":7,"untamedwilds:block_burrow":5,"easy_villagers:incubator":14,"untamedwilds:trap_cage":2,"excavated_variants:create_ochrum_copper_ore":2,"minecraft:spruce_log":1860,"minecraft:birch_leaves":4,"minecraft:coal_ore":62,"excavated_variants:andesite_inferium_ore":5,"minecraft:gravel":375,"minecraft:cobweb":24,"minecraft:spruce_fence_gate":1,"minecraft:stone_bricks":2,"minecraft:polished_andesite":2,"minecraft:infested_stone":1,"minecraft:dark_oak_planks":1},"minecraft:picked_up":{"minecraft:wooden_axe":1,"ars_nouveau:caster_tome":2,"chococraft:loverly_gysahl_green":8,"minecraft:wheat":2,"minecraft:redstone_block":1,"minecraft:anvil":1,"minecraft:lead":15,"minecraft:potion":1,"minecraft:enchanted_book":2,"cyclic:crafting_stick":3,"minecraft:brewing_stand":1,"minecraft:string":14,"minecraft:raw_copper":67,"irons_spellbooks:arcane_essence":12,"mysticalagriculture:inferium_essence":48,"minecraft:gold_nugget":238,"minecraft:cobbled_deepslate":9,"comforts:sleeping_bag_white":1,"minecraft:spruce_planks":9,"minecraft:rose_bush":3,"simpleores:raw_tin":3,"minecraft:dark_oak_door":1,"minecraft:iron_boots":2,"minecraft:furnace":2,"grimoireofgaia:taproot":4,"iceandfire:pixie_dust":2,"minecraft:stick":173,"apotheosis:gem":8,"ars_nouveau:stripped_purple_archwood_log":1,"minecraft:torch":55,"minecraft:green_bed":9,"potionsmaster:bezoar":7,"minecraft:farmland":3,"minecraft:porkchop":5,"tombstone:grave_dust":8,"minecraft:diorite":63,"mekanism:raw_tin":1,"easy_villagers:villager":4,"minecraft:rotten_flesh":15,"ars_nouveau:worn_notebook":2,"create:ochrum":5,"untamedwilds:trap_cage":3,"reliquary:mob_charm_fragment":1,"mekanism:basic_fluid_tank":4,"supplementaries:ash":9,"untamedwilds:flora_yarrow":1,"minecraft:cobblestone":674,"minecraft:birch_log":37,"minecraft:feather":13,"minecraft:lilac":3,"orcz:orcteeth":3,"ars_nouveau:archwood_door":6,"minecraft:andesite":332,"minecraft:smoker":7,"paraglider:spirit_orb":6,"minecraft:flint":29,"minecraft:tuff":2,"create:raw_zinc":6,"evilcraft:flesh_humanoid":2,"supplementaries:flax_seeds":1,"minecraft:lapis_lazuli":21,"minecraft:dirt":667,"untamedwilds:flora_junegrass":2,"cyclic:flower_cyan":1,"minecraft:name_tag":2,"born_in_chaos_v1:marigolds":2,"minecraft:bone":38,"minecraft:bow":2,"minecraft:wheat_seeds":26,"ars_nouveau:source_gem":4,"easy_villagers:trader":29,"minecraft:grindstone":1,"botanypots:terracotta_hopper_botany_pot":3,"minecraft:bamboo":2,"minecraft:pitcher_pod":3,"minecraft:oak_planks":54,"patchouli:guide_book":7,"ars_nouveau:music_disc_aria_biblio":1,"minecraft:sand":267,"minecraft:dark_oak_log":25,"alexsmobs:animal_dictionary":3,"minecraft:mossy_cobblestone":1,"minecraft:bundle":3,"minecraft:polished_andesite":2,"minecraft:spruce_fence_gate":1,"minecraft:clay":1,"waystones:waystone":1,"minecraft:granite":104,"minecraft:bone_meal":1,"minecraft:bread":17,"alexsmobs:maggot":1,"minecraft:oak_sapling":33,"born_in_chaos_v1:rotten_fish":2,"minecraft:oak_leaves":52,"divinerpg:jungle_spider_pumpkin":1,"minecraft:crafting_table":7,"minecraft:chicken":14,"minecraft:ladder":15,"born_in_chaos_v1:river_mint":3,"minecraft:clay_ball":188,"irons_spellbooks:tarnished_helmet":2,"minecraft:wooden_pickaxe":1,"ars_nouveau:archwood_planks":115,"evilcraft:poison_sac":2,"minecraft:item_frame":2,"minecraft:iron_shovel":2,"simplyswords:runic_tablet":2,"aquaculture:bluegill":1,"minecraft:beef":14,"minecraft:oak_boat":11,"minecraft:iron_nugget":13,"minecraft:sugar_cane":80,"minecraft:chest":16,"minecraft:birch_sapling":14,"minecraft:egg":4,"minecraft:dark_oak_sapling":7,"easy_villagers:incubator":14,"minecraft:raw_iron":45,"reliquary:catalyzing_gland":3,"ars_nouveau:purple_archwood_log":261,"grimoireofgaia:meat":2,"pipez:item_pipe":31,"grimoireofgaia:box_gold":2,"evilcraft:origins_of_darkness":1,"divinerpg:terran_shards":4,"minecraft:spruce_fence":1,"ars_nouveau:purple_archwood_sapling":81,"botania:lime_double_flower":2,"minecraft:carrot":17,"minecraft:redstone":75,"minecraft:dark_oak_planks":42,"minecraft:tnt":2,"minecraft:arrow":3,"divinerpg:jungle_shards":3,"botania:lime_mystical_flower":16,"minecraft:peony":1,"minecraft:hay_block":57,"farmersdelight:wild_carrots":1,"minecraft:mutton":8,"forbidden_arcanus:spawner_scrap":1,"minecraft:bone_block":51,"minecraft:white_wool":24,"born_in_chaos_v1:corpse_maggot":3,"integrateddynamics:on_the_dynamics_of_integration":6,"minecraft:leather":31,"forbidden_arcanus:aurum_log":16,"minecraft:birch_planks":24,"ars_nouveau:wilden_wing":3,"minecraft:oak_log":100,"minecraft:chainmail_chestplate":1,"iceandfire:ectoplasm":3,"forbidden_arcanus:aurum_sapling":11,"minecraft:white_banner":2,"tombstone:gift":1,"chococraft:gysahl_green":92,"minecraft:apple":20,"untamedwilds:material_fat":13,"chococraft:gold_gysahl":2,"minecraft:kelp":20,"ars_nouveau:archwood_stairs":33,"born_in_chaos_v1:smoked_flesh":4,"minecraft:cobweb":1,"minecraft:iron_sword":1,"grimoireofgaia:zombie_staff":1,"minecraft:birch_boat":4,"minecraft:pumpkin":4,"born_in_chaos_v1:ethereal_spirit":3,"minecraft:dandelion":1,"untamedwilds:flora_eelgrass":1,"minecraft:gravel":396,"ars_nouveau:bastion_pod":16,"powah:uraninite_raw":7,"chococraft:gysahl_green_seeds":36,"minecraft:spruce_sapling":202,"minecraft:white_bed":4,"minecraft:spruce_log":1782,"minecraft:spider_eye":3,"evilcraft:dark_gem":8,"minecraft:gray_wool":6,"minecraft:black_wool":3,"minecraft:coal":66,"minecraft:hopper":1},"minecraft:used":{"minecraft:iron_shovel":892,"easy_villagers:breeder":1,"cyclic:trash":1,"minecraft:ladder":33,"mekanism:basic_fluid_tank":6,"minecraft:chest":48,"minecraft:shield":43,"minecraft:stone":10,"minecraft:iron_sword":430,"untamedwilds:trap_cage":2,"minecraft:rotten_flesh":4,"minecraft:carrot":1,"minecraft:tuff":2,"born_in_chaos_v1:corpse_maggot":3,"born_in_chaos_v1:smoked_flesh":1,"minecraft:lava_bucket":2,"easy_villagers:iron_farm":7,"minecraft:item_frame":12,"ars_nouveau:sourceberry_bush":1,"ars_nouveau:archwood_door":5,"pipez:item_pipe":58,"minecraft:furnace":6,"minecraft:egg":1,"pickletweaks:emerald_shovel":400,"minecraft:diorite":3,"minecraft:leather_leggings":1,"minecraft:oak_planks":15,"minecraft:stone_pickaxe":355,"minecraft:wooden_pickaxe":14,"minecraft:sand":2,"ars_nouveau:archwood_planks":859,"waystones:waystone":1,"easy_villagers:villager":1,"minecraft:bread":158,"minecraft:gravel":327,"minecraft:wooden_sword":50,"simpleores:copper_shears":70,"minecraft:grindstone":1,"minecraft:oak_boat":14,"ars_nouveau:archwood_stairs":17,"minecraft:flint_and_steel":64,"minecraft:spruce_planks":173,"simplyswords:gold_sai":28,"minecraft:cooked_chicken":5,"minecraft:stone_hoe":1,"minecraft:stick":1,"minecraft:torch":98,"create:ochrum":5,"cyclic:emerald_sword":153,"minecraft:brewing_stand":1,"minecraft:dirt":579,"minecraft:anvil":2,"minecraft:hopper":2,"cyclic:emerald_pickaxe":173,"minecraft:dark_oak_planks":5,"alexsmobs:maggot":1,"minecraft:wooden_axe":50,"minecraft:iron_axe":1177,"easy_villagers:trader":79,"simplytools:iron_hammer":890,"tombstone:gift":5,"easy_villagers:incubator":20,"comforts:sleeping_bag_white":1,"minecraft:cooked_beef":8,"minecraft:cobbled_deepslate":1,"minecraft:cooked_mutton":13,"minecraft:water_bucket":2,"tombstone:scroll_of_knowledge":1,"botanypots:terracotta_hopper_botany_pot":4,"minecraft:birch_planks":28,"easy_villagers:farmer":4,"minecraft:birch_boat":4,"minecraft:green_bed":7,"minecraft:mossy_cobblestone":1,"minecraft:crafting_table":11,"minecraft:white_bed":4,"minecraft:spruce_log":26,"minecraft:dark_oak_door":1,"minecraft:smoker":7,"tombstone:bag_of_seeds":1,"minecraft:wooden_hoe":58,"minecraft:apple":8,"pickletweaks:emerald_axe":1366,"minecraft:iron_pickaxe":127,"minecraft:spruce_trapdoor":1,"minecraft:spruce_sapling":125,"minecraft:stone_axe":113,"minecraft:cobblestone":325,"minecraft:bucket":7,"minecraft:glass_pane":18},"minecraft:killed":{"minecraft:witch":1,"born_in_chaos_v1:restless_spirit":1,"born_in_chaos_v1:door_knight_not_despawn":1,"minecraft:spider":7,"grimoireofgaia:minotaurus":1,"minecraft:skeleton":6,"minecraft:chicken":10,"minecraft:silverfish":2,"grimoireofgaia:mandragora":1,"grimoireofgaia:flesh_lich":1,"divinerpg:crab":1,"minecraft:pig":2,"irons_spellbooks:necromancer":1,"minecraft:creeper":2,"minecraft:sheep":6,"minecraft:trader_llama":18,"minecraft:pillager":4,"minecraft:zombie":3,"born_in_chaos_v1:corpse_fly":4,"grimoireofgaia:harpy":5,"untamedwilds:bison":5,"iceandfire:pixie":1,"minecraft:cow":4,"irons_spellbooks:summoned_zombie":2,"aquaculture:bluegill":1,"grimoireofgaia:satyress":2,"alexsmobs:raccoon":2,"grimoireofgaia:centaur":1,"divinerpg:kobblin":2,"orcz:orcsavagemace":1,"minecraft:drowned":1,"born_in_chaos_v1:corpse_fish":2,"divinerpg:pumpkin_spider":1,"grimoireofgaia:cecaelia":2,"minecraft:wandering_trader":4,"born_in_chaos_v1:decrepit_skeleton":2,"divinerpg:miner":2,"evilcraft:poisonous_libelle":1,"born_in_chaos_v1:decaying_zombie":1,"iceandfire:ghost":5,"ars_nouveau:whirlisprig":1,"grimoireofgaia:werecat":1},"minecraft:custom":{"lootr:looted_stat":21,"minecraft:interact_with_crafting_table":117,"minecraft:open_barrel":19,"minecraft:leave_game":11,"minecraft:time_since_death":116285,"minecraft:damage_resisted":0,"minecraft:sprint_one_cm":1619246,"minecraft:damage_blocked_by_shield":2511,"minecraft:drop":93,"minecraft:talked_to_villager":15,"minecraft:play_time":578920,"minecraft:deaths":34,"minecraft:jump":9904,"minecraft:interact_with_brewingstand":2,"minecraft:walk_on_water_one_cm":68071,"minecraft:interact_with_furnace":103,"minecraft:traded_with_villager":902,"minecraft:sleep_in_bed":31,"minecraft:waystone_activated":2,"minecraft:damage_dealt":34788,"minecraft:crouch_one_cm":33113,"tombstone:undead_killed":25,"tombstone:villager_killed":4,"minecraft:interact_with_smoker":22,"minecraft:interact_with_anvil":2,"minecraft:mob_kills":122,"minecraft:inspect_hopper":13,"minecraft:damage_dealt_resisted":274,"minecraft:climb_one_cm":54336,"minecraft:walk_one_cm":1492845,"minecraft:sneak_time":13875,"minecraft:walk_under_water_one_cm":51667,"minecraft:boat_one_cm":495883,"minecraft:total_world_time":578920,"tombstone:raider_killed":5,"minecraft:pot_flower":1,"minecraft:interact_with_grindstone":1,"minecraft:time_since_rest":25656,"minecraft:damage_taken":18575,"tombstone:cast_on_ally":0,"minecraft:swim_one_cm":221879,"minecraft:fly_one_cm":2289653,"minecraft:open_chest":642,"minecraft:fall_one_cm":234029},"minecraft:dropped":{"pickletweaks:emerald_helmet":1,"minecraft:clay":1,"minecraft:iron_sword":1,"minecraft:cooked_beef":2,"minecraft:leather_helmet":1,"forbidden_arcanus:golden_orchid_seeds":3,"reliquary:chelicerae":1,"minecraft:dirt":4,"minecraft:wooden_sword":1,"minecraft:gold_nugget":3,"cyclic:crafting_stick":2,"minecraft:stone_axe":1,"simplyswords:runic_tablet":1,"minecraft:cooked_chicken":2,"minecraft:iron_nugget":1,"alexsmobs:animal_dictionary":1,"minecraft:wheat":2,"pickletweaks:emerald_boots":1,"born_in_chaos_v1:ethereal_spirit":2,"minecraft:rotten_flesh":7,"patchouli:guide_book":9,"minecraft:leather_chestplate":1,"supplementaries:ash":2,"mysticalagriculture:inferium_essence":2,"decorative_blocks:dark_oak_palisade":6,"comforts:sleeping_bag_white":1,"untamedwilds:flora_eelgrass":1,"minecraft:enchanted_book":2,"minecraft:iron_ingot":21,"minecraft:bread":18,"minecraft:wheat_seeds":1,"minecraft:tnt":1,"untamedwilds:flora_yarrow":1,"minecraft:iron_helmet":1,"minecraft:feather":7,"minecraft:cobblestone":1,"cyclic:emerald_chestplate":1,"ars_nouveau:worn_notebook":1,"born_in_chaos_v1:river_mint":3,"minecraft:wooden_hoe":1,"minecraft:torch":21,"minecraft:wooden_axe":2,"tombstone:grave_dust":1,"minecraft:iron_leggings":1,"potionsmaster:bezoar":3,"minecraft:iron_shovel":1,"simplyswords:gold_sai":1,"minecraft:raw_iron":1,"minecraft:iron_boots":2,"sophisticatedbackpacks:backpack":1,"alexsmobs:ancient_dart":2,"pickletweaks:emerald_leggings":1,"minecraft:iron_chestplate":1,"minecraft:oak_sapling":3,"minecraft:spider_eye":1,"integrateddynamics:on_the_dynamics_of_integration":3,"minecraft:stone_pickaxe":2,"minecraft:wooden_pickaxe":1},"minecraft:killed_by":{"iceandfire:cyclops":6,"minecraft:creeper":1,"minecraft:pillager":1,"born_in_chaos_v1:corpse_fly":1,"divinerpg:kobblin":6,"grimoireofgaia:minotaur":1,"grimoireofgaia:cecaelia":1,"grimoireofgaia:minotaurus":6,"grimoireofgaia:harpy":1,"iceandfire:fire_dragon":2,"minecraft:wolf":1,"minecraft:stray":1,"untamedwilds:bison":1,"grimoireofgaia:flesh_lich":1,"irons_spellbooks:necromancer":1,"divinerpg:pumpkin_spider":1},"minecraft:crafted":{"minecraft:brick":40,"minecraft:farmland":1,"pipez:wrench":1,"minecraft:oak_planks":2560,"untamedwilds:trap_cage":1,"ars_nouveau:archwood_planks":1048,"botanypots:terracotta_hopper_botany_pot":1,"minecraft:cooked_chicken":9,"minecraft:birch_boat":1,"simplytools:iron_hammer_head":4,"pipez:item_pipe":32,"minecraft:stone":20,"easy_villagers:incubator":6,"cyclic:crafting_stick":4,"minecraft:cooked_mutton":12,"minecraft:iron_bars":16,"simpleores:copper_shears":1,"minecraft:dark_oak_door":3,"minecraft:glass":241,"minecraft:hopper":2,"minecraft:iron_boots":2,"pickletweaks:emerald_shovel":1,"ars_nouveau:archwood_door":3,"minecraft:chest":38,"pickletweaks:emerald_boots":2,"mekanism:basic_fluid_tank":2,"easy_villagers:trader":50,"minecraft:stone_hoe":1,"minecraft:flower_pot":2,"minecraft:smoker":1,"minecraft:dropper":4,"minecraft:item_frame":10,"pickletweaks:emerald_helmet":2,"minecraft:emerald":628,"sophisticatedbackpacks:backpack":2,"minecraft:crafting_table":9,"minecraft:spruce_planks":5916,"minecraft:wooden_pickaxe":1,"minecraft:iron_helmet":3,"minecraft:copper_ingot":26,"minecraft:fletching_table":13,"minecraft:birch_planks":740,"minecraft:blaze_rod":7,"minecraft:spruce_trapdoor":2,"simplytools:iron_hammer":5,"morevillagers:hunting_post":1,"cyclic:emerald_chestplate":2,"minecraft:iron_chestplate":3,"minecraft:shield":1,"minecraft:stick":20235,"minecraft:iron_ingot":40,"minecraft:iron_pickaxe":2,"minecraft:iron_block":3,"minecraft:gold_ingot":2,"pickletweaks:emerald_leggings":2,"minecraft:redstone":9,"pickletweaks:emerald_axe":1,"simpleores:copper_bucket":1,"minecraft:birch_log":168,"minecraft:furnace":6,"minecraft:dark_oak_trapdoor":2,"minecraft:bone_meal":69,"minecraft:enchanted_golden_apple":1,"minecraft:glass_pane":416,"minecraft:flint_and_steel":1,"cyclic:emerald_pickaxe":1,"minecraft:terracotta":37,"morevillagers:woodworking_table":10,"minecraft:iron_axe":6,"minecraft:ladder":33,"minecraft:slime_ball":29,"minecraft:stone_pickaxe":2,"alexsmobs:blobfish_bucket":1,"minecraft:dark_oak_planks":1244,"minecraft:wheat":513,"minecraft:magma_cream":8,"minecraft:cooked_beef":10,"decorative_blocks:dark_oak_palisade":6,"easy_villagers:farmer":4,"irons_spellbooks:rare_ink":3,"minecraft:calcite":512,"minecraft:iron_sword":2,"minecraft:acacia_log":96,"morevillagers:mining_bench":1,"cyclic:trash":1,"minecraft:bucket":1,"minecraft:stone_axe":1,"minecraft:glowstone":5,"minecraft:bread":171,"minecraft:air":0,"minecraft:oak_boat":2,"minecraft:oak_log":576,"minecraft:white_wool":3,"minecraft:white_dye":2,"minecraft:fermented_spider_eye":12,"ars_nouveau:archwood_stairs":16,"minecraft:wooden_axe":1,"minecraft:dark_oak_log":288,"easy_villagers:breeder":1,"minecraft:iron_shovel":5,"minecraft:iron_leggings":3,"minecraft:anvil":1,"minecraft:white_bed":1,"forbidden_arcanus:aurum_planks":8,"minecraft:acacia_planks":384,"minecraft:torch":64,"cyclic:emerald_sword":1,"minecraft:clay":37}},"DataVersion":3465}