{"stats":{"minecraft:picked_up":{"minecraft:wooden_axe":1,"ars_nouveau:caster_tome":2,"chococraft:loverly_gysahl_green":10,"minecraft:wheat":2,"minecraft:chainmail_boots":14,"minecraft:redstone_block":2,"minecraft:anvil":1,"mekanism:raw_uranium":1,"minecraft:lead":19,"minecraft:enchanted_book":2,"minecraft:potion":1,"cyclic:crafting_stick":3,"minecraft:brewing_stand":1,"born_in_chaos_v1:black_argillite":3,"minecraft:string":14,"minecraft:raw_copper":102,"irons_spellbooks:arcane_essence":12,"mysticalagriculture:inferium_essence":99,"minecraft:gold_nugget":238,"minecraft:cobbled_deepslate":132,"comforts:sleeping_bag_white":2,"minecraft:spruce_planks":71,"simpleores:tin_chestplate":37,"minecraft:rose_bush":3,"simpleores:raw_tin":3,"minecraft:dark_oak_door":1,"minecraft:furnace":2,"minecraft:iron_boots":2,"grimoireofgaia:taproot":4,"simpleores:copper_leggings":11,"minecraft:tipped_arrow":1,"iceandfire:pixie_dust":2,"minecraft:stick":389,"apotheosis:gem":8,"ars_nouveau:stripped_purple_archwood_log":1,"minecraft:torch":59,"minecraft:farmland":3,"minecraft:green_bed":9,"potionsmaster:bezoar":7,"minecraft:porkchop":5,"tombstone:grave_dust":8,"minecraft:diorite":85,"simpleores:tin_helmet":23,"mekanism:raw_tin":2,"easy_villagers:villager":4,"minecraft:rotten_flesh":17,"ars_nouveau:worn_notebook":2,"create:ochrum":5,"untamedwilds:trap_cage":13,"reliquary:mob_charm_fragment":1,"supplementaries:ash":9,"mekanism:basic_fluid_tank":4,"untamedwilds:flora_yarrow":1,"minecraft:cobblestone":981,"minecraft:birch_log":37,"minecraft:feather":13,"minecraft:lilac":3,"orcz:orcteeth":3,"ars_nouveau:archwood_door":6,"minecraft:andesite":352,"simpleores:copper_boots":21,"minecraft:smoker":7,"alexsmobs:bison_fur":2,"paraglider:spirit_orb":6,"minecraft:flint":29,"minecraft:tuff":37,"create:raw_zinc":10,"evilcraft:flesh_humanoid":2,"supplementaries:flax_seeds":1,"minecraft:lapis_lazuli":21,"minecraft:dirt":668,"minecraft:name_tag":2,"cyclic:flower_cyan":1,"untamedwilds:flora_junegrass":3,"born_in_chaos_v1:marigolds":2,"minecraft:bone":51,"simpleores:raw_mythril":2,"minecraft:bow":2,"minecraft:wheat_seeds":32,"ars_nouveau:source_gem":4,"easy_villagers:trader":29,"minecraft:raw_gold":7,"minecraft:grindstone":1,"botanypots:terracotta_hopper_botany_pot":4,"minecraft:bamboo":2,"minecraft:oak_planks":54,"minecraft:pitcher_pod":3,"divinerpg:realmite_ingot":2,"patchouli:guide_book":7,"ars_nouveau:music_disc_aria_biblio":1,"minecraft:sand":267,"minecraft:dark_oak_log":25,"alexsmobs:animal_dictionary":3,"minecraft:mossy_cobblestone":1,"minecraft:bundle":3,"simpleores:tin_leggings":8,"minecraft:polished_andesite":2,"minecraft:spruce_fence_gate":1,"minecraft:clay":1,"minecraft:diamond":5,"waystones:waystone":1,"minecraft:granite":108,"minecraft:bone_meal":1,"minecraft:bread":18,"minecraft:emerald":130,"alexsmobs:maggot":1,"born_in_chaos_v1:rotten_fish":2,"minecraft:oak_sapling":33,"minecraft:oak_leaves":52,"divinerpg:jungle_spider_pumpkin":1,"minecraft:crafting_table":7,"minecraft:ladder":15,"minecraft:chicken":14,"born_in_chaos_v1:river_mint":4,"minecraft:clay_ball":352,"irons_spellbooks:tarnished_helmet":2,"minecraft:wooden_pickaxe":1,"simpleores:copper_helmet":16,"ars_nouveau:archwood_planks":115,"evilcraft:poison_sac":2,"minecraft:item_frame":2,"minecraft:iron_shovel":2,"bloodandmadness:blood_vial":1,"simplyswords:runic_tablet":2,"aquaculture:bluegill":1,"minecraft:beef":32,"minecraft:oak_boat":11,"minecraft:iron_nugget":15,"minecraft:sugar_cane":80,"minecraft:chest":16,"minecraft:birch_sapling":14,"minecraft:egg":4,"minecraft:dark_oak_sapling":7,"easy_villagers:incubator":14,"minecraft:raw_iron":48,"reliquary:catalyzing_gland":3,"ars_nouveau:purple_archwood_log":261,"grimoireofgaia:meat":3,"pipez:item_pipe":31,"grimoireofgaia:box_gold":2,"evilcraft:origins_of_darkness":1,"divinerpg:terran_shards":4,"minecraft:spruce_fence":1,"ars_nouveau:purple_archwood_sapling":81,"botania:lime_double_flower":2,"minecraft:carrot":17,"minecraft:redstone":120,"minecraft:dark_oak_planks":42,"minecraft:tnt":2,"minecraft:arrow":3,"divinerpg:jungle_shards":3,"botania:lime_mystical_flower":16,"minecraft:peony":1,"minecraft:hay_block":57,"bloodandmadness:sanguisteel_nugget":4,"farmersdelight:wild_carrots":1,"minecraft:mutton":8,"simpleores:tin_boots":30,"forbidden_arcanus:spawner_scrap":1,"minecraft:white_wool":25,"minecraft:bone_block":51,"born_in_chaos_v1:corpse_maggot":3,"minecraft:leather":33,"integrateddynamics:on_the_dynamics_of_integration":6,"minecraft:birch_planks":24,"forbidden_arcanus:aurum_log":16,"ars_nouveau:wilden_wing":3,"minecraft:oak_log":100,"minecraft:chainmail_chestplate":9,"iceandfire:ectoplasm":3,"forbidden_arcanus:aurum_sapling":11,"minecraft:white_banner":2,"tombstone:gift":1,"minecraft:kelp":20,"chococraft:gysahl_green":133,"untamedwilds:material_fat":26,"minecraft:apple":20,"chococraft:gold_gysahl":2,"ars_nouveau:archwood_stairs":36,"born_in_chaos_v1:smoked_flesh":4,"minecraft:cobweb":1,"minecraft:iron_sword":1,"minecraft:book":12,"grimoireofgaia:zombie_staff":1,"minecraft:birch_boat":4,"minecraft:pumpkin":4,"born_in_chaos_v1:ethereal_spirit":3,"minecraft:dandelion":1,"minecraft:gravel":396,"untamedwilds:flora_eelgrass":1,"ars_nouveau:bastion_pod":16,"powah:uraninite_raw":7,"minecraft:spruce_sapling":561,"chococraft:gysahl_green_seeds":49,"minecraft:white_bed":4,"minecraft:spruce_log":4779,"minecraft:spider_eye":3,"minecraft:spruce_door":4,"evilcraft:dark_gem":12,"minecraft:gray_wool":6,"minecraft:black_wool":3,"minecraft:coal":66,"minecraft:hopper":1},"minecraft:custom":{"minecraft:interact_with_crafting_table":140,"minecraft:open_barrel":19,"minecraft:leave_game":12,"minecraft:time_since_death":50697,"minecraft:damage_resisted":0,"minecraft:sprint_one_cm":1950286,"minecraft:damage_blocked_by_shield":2511,"minecraft:drop":270,"minecraft:talked_to_villager":19,"minecraft:play_time":730375,"minecraft:deaths":35,"minecraft:jump":11498,"minecraft:interact_with_brewingstand":2,"minecraft:walk_on_water_one_cm":73074,"minecraft:interact_with_furnace":138,"minecraft:traded_with_villager":2366,"minecraft:sleep_in_bed":38,"minecraft:waystone_activated":2,"minecraft:damage_dealt":41907,"minecraft:crouch_one_cm":34400,"tombstone:undead_killed":25,"tombstone:villager_killed":7,"minecraft:interact_with_smoker":22,"minecraft:interact_with_anvil":2,"minecraft:mob_kills":144,"minecraft:inspect_hopper":15,"minecraft:damage_dealt_resisted":274,"minecraft:climb_one_cm":119891,"minecraft:walk_one_cm":1735272,"minecraft:sneak_time":14717,"minecraft:walk_under_water_one_cm":59875,"minecraft:boat_one_cm":495883,"minecraft:total_world_time":730375,"tombstone:raider_killed":5,"minecraft:pot_flower":1,"minecraft:interact_with_grindstone":2,"minecraft:time_since_rest":23777,"minecraft:damage_taken":19829,"tombstone:cast_on_ally":0,"minecraft:swim_one_cm":243489,"minecraft:fly_one_cm":2598306,"minecraft:open_chest":772,"minecraft:fall_one_cm":260241,"lootr:looted_stat":22},"minecraft:dropped":{"pickletweaks:emerald_helmet":1,"simpleores:copper_helmet":16,"minecraft:clay":1,"minecraft:iron_sword":1,"minecraft:cooked_beef":2,"minecraft:leather_helmet":1,"forbidden_arcanus:golden_orchid_seeds":3,"reliquary:chelicerae":1,"minecraft:emerald":2,"minecraft:dirt":4,"minecraft:gold_nugget":3,"minecraft:wooden_sword":1,"cyclic:crafting_stick":2,"minecraft:stone_axe":1,"simplyswords:runic_tablet":1,"minecraft:cooked_chicken":2,"minecraft:iron_nugget":1,"alexsmobs:animal_dictionary":1,"minecraft:wheat":2,"born_in_chaos_v1:ethereal_spirit":2,"pickletweaks:emerald_boots":1,"minecraft:rotten_flesh":8,"simpleores:copper_leggings":11,"simpleores:copper_boots":21,"patchouli:guide_book":9,"minecraft:chainmail_chestplate":8,"simpleores:tin_leggings":8,"simpleores:tin_helmet":23,"minecraft:leather_chestplate":1,"supplementaries:ash":2,"mysticalagriculture:inferium_essence":2,"minecraft:chainmail_boots":14,"decorative_blocks:dark_oak_palisade":6,"comforts:sleeping_bag_white":1,"untamedwilds:flora_eelgrass":1,"minecraft:enchanted_book":2,"minecraft:iron_ingot":21,"minecraft:bread":19,"minecraft:wheat_seeds":2,"minecraft:tnt":1,"untamedwilds:flora_yarrow":1,"simpleores:tin_chestplate":37,"minecraft:iron_helmet":1,"minecraft:feather":7,"minecraft:cobblestone":1,"cyclic:emerald_chestplate":1,"minecraft:stick":2,"ars_nouveau:worn_notebook":1,"born_in_chaos_v1:river_mint":3,"minecraft:wooden_hoe":1,"minecraft:torch":21,"minecraft:wooden_axe":2,"tombstone:grave_dust":1,"minecraft:iron_leggings":1,"potionsmaster:bezoar":3,"minecraft:iron_shovel":1,"minecraft:spruce_sapling":10,"simpleores:tin_boots":30,"simplyswords:gold_sai":1,"minecraft:raw_iron":1,"minecraft:iron_boots":2,"alexsmobs:ancient_dart":2,"sophisticatedbackpacks:backpack":1,"bloodandmadness:sanguisteel_nugget":2,"pickletweaks:emerald_leggings":1,"minecraft:spruce_planks":1,"minecraft:iron_chestplate":1,"minecraft:oak_sapling":3,"minecraft:spider_eye":1,"integrateddynamics:on_the_dynamics_of_integration":3,"minecraft:stone_pickaxe":2,"minecraft:wooden_pickaxe":1},"minecraft:crafted":{"minecraft:brick":40,"minecraft:farmland":1,"pipez:wrench":1,"minecraft:smooth_stone":27,"minecraft:oak_planks":4000,"untamedwilds:trap_cage":9,"ars_nouveau:archwood_planks":1048,"botanypots:terracotta_hopper_botany_pot":9,"minecraft:cooked_chicken":9,"minecraft:birch_boat":1,"simplytools:iron_hammer_head":4,"pipez:item_pipe":32,"minecraft:stone":123,"easy_villagers:incubator":6,"cyclic:crafting_stick":4,"minecraft:bookshelf":14,"minecraft:cooked_mutton":12,"minecraft:iron_bars":48,"simpleores:copper_shears":1,"minecraft:dark_oak_door":3,"minecraft:glass":265,"minecraft:hopper":19,"minecraft:diamond_helmet":1,"minecraft:diamond_leggings":1,"minecraft:iron_boots":5,"pickletweaks:emerald_shovel":1,"ars_nouveau:archwood_door":3,"cyclic:emerald_axe":3,"minecraft:chest":55,"pickletweaks:emerald_boots":2,"mekanism:basic_fluid_tank":2,"easy_villagers:trader":50,"minecraft:stone_hoe":1,"minecraft:flower_pot":13,"minecraft:smoker":1,"minecraft:dropper":4,"minecraft:item_frame":13,"pickletweaks:emerald_helmet":2,"minecraft:emerald":1685,"sophisticatedbackpacks:backpack":2,"minecraft:crafting_table":9,"minecraft:spruce_planks":19552,"minecraft:wooden_pickaxe":1,"minecraft:iron_helmet":3,"minecraft:spruce_door":3,"minecraft:chainmail_chestplate":15,"minecraft:copper_ingot":26,"minecraft:fletching_table":13,"minecraft:birch_planks":1052,"minecraft:blaze_rod":7,"minecraft:spruce_trapdoor":34,"simplytools:iron_hammer":5,"minecraft:lectern":12,"morevillagers:hunting_post":1,"cyclic:emerald_chestplate":2,"minecraft:iron_chestplate":3,"minecraft:shield":3,"minecraft:stick":50399,"minecraft:iron_ingot":40,"minecraft:iron_pickaxe":2,"minecraft:iron_block":3,"minecraft:gold_ingot":2,"minecraft:composter":4,"simpleores:copper_helmet":17,"minecraft:saddle":2,"minecraft:redstone":9,"pickletweaks:emerald_leggings":2,"minecraft:spruce_log":192,"simpleores:copper_boots":21,"pickletweaks:emerald_axe":1,"simpleores:copper_bucket":1,"minecraft:spruce_button":1,"minecraft:furnace":11,"minecraft:birch_log":246,"minecraft:blast_furnace":5,"minecraft:dark_oak_trapdoor":2,"minecraft:bone_meal":69,"minecraft:enchanted_golden_apple":1,"minecraft:glass_pane":416,"minecraft:flint_and_steel":1,"cyclic:emerald_pickaxe":1,"minecraft:terracotta":78,"morevillagers:woodworking_table":10,"minecraft:iron_axe":6,"minecraft:ladder":33,"minecraft:spruce_slab":228,"minecraft:slime_ball":29,"minecraft:stone_pickaxe":2,"minecraft:diamond_boots":1,"alexsmobs:blobfish_bucket":1,"minecraft:dark_oak_planks":1316,"minecraft:wheat":513,"minecraft:magma_cream":8,"minecraft:cooked_beef":10,"decorative_blocks:dark_oak_palisade":6,"easy_villagers:farmer":4,"irons_spellbooks:rare_ink":3,"forbidden_arcanus:growing_edelwood":1,"minecraft:amethyst_shard":34,"minecraft:calcite":1280,"minecraft:iron_sword":2,"simpleores:tin_chestplate":27,"simpleores:tin_leggings":18,"morevillagers:mining_bench":1,"minecraft:acacia_log":96,"minecraft:bucket":1,"cyclic:trash":1,"minecraft:stone_axe":1,"minecraft:glowstone":5,"minecraft:enchanted_book":5,"simpleores:tin_helmet":21,"minecraft:bread":291,"minecraft:air":0,"minecraft:oak_boat":2,"minecraft:oak_log":936,"simpleores:copper_leggings":10,"minecraft:white_wool":3,"minecraft:white_dye":2,"ars_nouveau:archwood_stairs":16,"minecraft:fermented_spider_eye":12,"minecraft:chainmail_boots":13,"minecraft:wooden_axe":1,"easy_villagers:breeder":1,"minecraft:dark_oak_log":306,"minecraft:iron_shovel":5,"minecraft:iron_leggings":3,"minecraft:anvil":1,"minecraft:white_bed":1,"forbidden_arcanus:aurum_planks":8,"simpleores:tin_boots":43,"minecraft:acacia_planks":384,"cyclic:emerald_sword":1,"minecraft:torch":64,"minecraft:clay":78,"minecraft:diamond_chestplate":1},"minecraft:killed_by":{"iceandfire:cyclops":6,"minecraft:creeper":1,"minecraft:pillager":1,"born_in_chaos_v1:corpse_fly":1,"divinerpg:kobblin":6,"grimoireofgaia:minotaur":1,"grimoireofgaia:cecaelia":1,"grimoireofgaia:minotaurus":7,"grimoireofgaia:harpy":1,"iceandfire:fire_dragon":2,"minecraft:wolf":1,"minecraft:stray":1,"untamedwilds:bison":1,"grimoireofgaia:flesh_lich":1,"irons_spellbooks:necromancer":1,"divinerpg:pumpkin_spider":1},"minecraft:used":{"minecraft:iron_shovel":892,"easy_villagers:breeder":1,"minecraft:ladder":33,"cyclic:trash":1,"minecraft:chest":48,"mekanism:basic_fluid_tank":6,"minecraft:shield":43,"minecraft:stone":11,"minecraft:iron_sword":430,"untamedwilds:trap_cage":12,"minecraft:rotten_flesh":4,"minecraft:carrot":1,"minecraft:tuff":2,"born_in_chaos_v1:corpse_maggot":3,"born_in_chaos_v1:smoked_flesh":1,"minecraft:lava_bucket":2,"easy_villagers:iron_farm":7,"minecraft:item_frame":15,"ars_nouveau:sourceberry_bush":1,"ars_nouveau:archwood_door":5,"pipez:item_pipe":58,"minecraft:furnace":6,"grimoireofgaia:meat":1,"minecraft:egg":1,"pickletweaks:emerald_shovel":445,"minecraft:diorite":3,"minecraft:leather_leggings":1,"minecraft:spruce_door":6,"minecraft:oak_planks":15,"minecraft:stone_pickaxe":355,"minecraft:wooden_pickaxe":14,"cyclic:emerald_axe":2320,"minecraft:sand":2,"ars_nouveau:archwood_planks":859,"waystones:waystone":1,"easy_villagers:villager":3,"minecraft:bread":189,"minecraft:gravel":327,"minecraft:wooden_sword":50,"simpleores:copper_shears":70,"minecraft:grindstone":1,"minecraft:andesite":4,"minecraft:oak_boat":14,"ars_nouveau:archwood_stairs":22,"minecraft:flint_and_steel":64,"minecraft:spruce_planks":173,"simplyswords:gold_sai":28,"minecraft:stick":2,"minecraft:cooked_chicken":5,"minecraft:stone_hoe":1,"minecraft:anvil":2,"create:ochrum":5,"cyclic:emerald_sword":255,"minecraft:dirt":580,"minecraft:torch":101,"minecraft:brewing_stand":1,"minecraft:hopper":2,"cyclic:emerald_pickaxe":631,"minecraft:granite":1,"minecraft:dark_oak_planks":5,"alexsmobs:maggot":1,"minecraft:wooden_axe":50,"minecraft:bookshelf":2,"minecraft:iron_axe":1177,"easy_villagers:trader":79,"simplytools:iron_hammer":1064,"tombstone:gift":5,"easy_villagers:incubator":20,"comforts:sleeping_bag_white":3,"minecraft:cooked_beef":8,"minecraft:cobbled_deepslate":1,"minecraft:cooked_mutton":13,"minecraft:water_bucket":2,"tombstone:scroll_of_knowledge":1,"botanypots:terracotta_hopper_botany_pot":13,"minecraft:birch_planks":28,"easy_villagers:farmer":4,"minecraft:birch_boat":4,"minecraft:green_bed":7,"minecraft:mossy_cobblestone":1,"minecraft:crafting_table":11,"minecraft:white_bed":4,"minecraft:spruce_log":26,"minecraft:dark_oak_door":1,"minecraft:smoker":7,"tombstone:bag_of_seeds":1,"minecraft:wooden_hoe":58,"minecraft:apple":8,"pickletweaks:emerald_axe":2335,"minecraft:iron_pickaxe":127,"minecraft:spruce_trapdoor":1,"minecraft:spruce_sapling":277,"minecraft:stone_axe":113,"minecraft:cobblestone":329,"minecraft:bucket":7,"minecraft:glass_pane":18},"minecraft:mined":{"minecraft:spruce_planks":18,"excavated_variants:andesite_zinc_ore":1,"minecraft:white_bed":2,"minecraft:farmland":1,"excavated_variants:tuff_lapis_ore":1,"minecraft:brewing_stand":1,"minecraft:granite":112,"excavated_variants:tuff_diamond_ore":5,"minecraft:grass_block":453,"minecraft:hopper":1,"minecraft:spawner":1,"mysticalagriculture:inferium_ore":8,"minecraft:iron_ore":17,"minecraft:fire":18,"botania:lime_double_flower":1,"minecraft:pumpkin":19,"minecraft:anvil":1,"minecraft:deepslate_lapis_ore":2,"supplementaries:stick":2,"chococraft:gysahl_green":31,"iceandfire:gold_pile":20,"powah:uraninite_ore_poor":6,"simpleores:tin_ore":4,"minecraft:green_bed":8,"minecraft:deepslate_redstone_ore":23,"botanypots:terracotta_hopper_botany_pot":4,"minecraft:smoker":7,"excavated_variants:tuff_uranium_ore":1,"ars_nouveau:archwood_stairs":20,"minecraft:clay":94,"minecraft:torch":17,"iceandfire:ghost_chest":1,"minecraft:chest":17,"ars_nouveau:archwood_door":3,"mekanism:tin_ore":1,"minecraft:cobblestone":14,"minecraft:grindstone":1,"minecraft:oak_planks":2,"minecraft:sugar_cane":36,"minecraft:wall_torch":32,"excavated_variants:tuff_redstone_ore":4,"minecraft:deepslate_copper_ore":8,"excavated_variants:diorite_zinc_ore":6,"forbidden_arcanus:aurum_log":23,"minecraft:dark_oak_door":1,"evilcraft:dark_ore_deepslate":1,"ars_nouveau:archwood_planks":110,"minecraft:birch_log":31,"ars_nouveau:stripped_purple_archwood_log":1,"simpleores:deepslate_tin_ore":1,"born_in_chaos_v1:river_mint":1,"minecraft:grass":172,"minecraft:oak_log":96,"minecraft:sand":267,"minecraft:dirt":179,"minecraft:oak_leaves":85,"mysticalagriculture:deepslate_inferium_ore":6,"minecraft:deepslate":185,"create:zinc_ore":3,"minecraft:tuff":37,"untamedwilds:flora_junegrass":2,"excavated_variants:tuff_copper_ore":4,"minecraft:mossy_cobblestone":3,"minecraft:dark_oak_leaves":6,"farmersdelight:wild_carrots":16,"minecraft:dark_oak_log":1,"minecraft:ladder":3,"excavated_variants:andesite_uraninite_ore_poor":1,"born_in_chaos_v1:black_argillite":3,"create:ochrum":4,"minecraft:spruce_leaves":14,"excavated_variants:granite_coal_ore":2,"minecraft:hay_block":57,"untamedwilds:flora_yarrow":1,"minecraft:spruce_sapling":31,"minecraft:furnace":2,"minecraft:andesite":353,"evilcraft:dark_ore":2,"minecraft:peony":2,"mekanism:basic_fluid_tank":3,"excavated_variants:tuff_iron_ore":8,"minecraft:bookshelf":4,"minecraft:deepslate_iron_ore":17,"minecraft:vine":1,"easy_villagers:trader":29,"minecraft:stone":968,"minecraft:bone_block":51,"ars_nouveau:purple_archwood_log":268,"minecraft:white_wool":15,"excavated_variants:diorite_tin_ore":1,"botania:lime_mystical_flower":8,"minecraft:redstone_block":2,"minecraft:dandelion":2,"pipez:item_pipe":31,"minecraft:spruce_door":2,"minecraft:crafting_table":7,"excavated_variants:diorite_iron_ore":5,"excavated_variants:andesite_copper_ore":3,"minecraft:copper_ore":10,"excavated_variants:granite_gold_ore":7,"minecraft:tall_grass":17,"minecraft:diorite":85,"supplementaries:urn":7,"minecraft:birch_planks":7,"untamedwilds:block_burrow":5,"easy_villagers:incubator":14,"untamedwilds:trap_cage":12,"simpleores:deepslate_mythril_ore":2,"excavated_variants:create_ochrum_copper_ore":2,"minecraft:spruce_log":5051,"minecraft:birch_leaves":4,"gobber2:gobber2_lucky_block_deepslate":1,"minecraft:coal_ore":62,"excavated_variants:andesite_inferium_ore":5,"minecraft:gravel":375,"minecraft:cobweb":24,"minecraft:polished_andesite":2,"minecraft:spruce_fence_gate":1,"minecraft:stone_bricks":2,"minecraft:infested_stone":2,"minecraft:dark_oak_planks":1},"minecraft:broken":{"minecraft:leather_leggings":1,"minecraft:iron_boots":1,"minecraft:flint_and_steel":1,"minecraft:leather_chestplate":1,"minecraft:iron_axe":3},"minecraft:killed":{"minecraft:witch":1,"divinerpg:cave_crawler":1,"born_in_chaos_v1:restless_spirit":1,"born_in_chaos_v1:door_knight_not_despawn":1,"minecraft:spider":7,"grimoireofgaia:minotaurus":1,"minecraft:skeleton":6,"minecraft:chicken":10,"minecraft:silverfish":3,"grimoireofgaia:mandragora":1,"grimoireofgaia:flesh_lich":1,"divinerpg:crab":1,"minecraft:pig":2,"irons_spellbooks:necromancer":1,"minecraft:creeper":2,"minecraft:sheep":7,"minecraft:trader_llama":22,"minecraft:pillager":4,"minecraft:zombie":3,"born_in_chaos_v1:corpse_fly":4,"grimoireofgaia:harpy":5,"untamedwilds:bison":10,"iceandfire:pixie":1,"minecraft:cow":4,"irons_spellbooks:summoned_zombie":2,"aquaculture:bluegill":1,"grimoireofgaia:satyress":3,"alexsmobs:raccoon":2,"grimoireofgaia:centaur":2,"divinerpg:kobblin":3,"bloodandmadness:huntsman_axe":2,"orcz:orcsavagemace":1,"alexsmobs:bison":2,"minecraft:drowned":1,"born_in_chaos_v1:corpse_fish":2,"divinerpg:pumpkin_spider":1,"grimoireofgaia:cecaelia":2,"minecraft:wandering_trader":6,"born_in_chaos_v1:decrepit_skeleton":2,"divinerpg:miner":2,"born_in_chaos_v1:decaying_zombie":1,"evilcraft:poisonous_libelle":1,"iceandfire:ghost":5,"ars_nouveau:whirlisprig":1,"grimoireofgaia:werecat":1,"minecraft:villager":1}},"DataVersion":3465}