{"stats":{"minecraft:picked_up":{"minecraft:crafting_table":4,"minecraft:feather":7,"born_in_chaos_v1:river_mint":3,"minecraft:chicken":10,"integrateddynamics:on_the_dynamics_of_integration":2,"minecraft:leather":4,"minecraft:lead":4,"minecraft:wooden_pickaxe":1,"minecraft:smoker":2,"minecraft:oak_log":19,"minecraft:dirt":40,"minecraft:string":6,"minecraft:apple":1,"minecraft:gold_nugget":16,"minecraft:wheat_seeds":1,"mysticalagriculture:inferium_essence":7,"minecraft:beef":3,"minecraft:oak_boat":2,"minecraft:sugar_cane":20,"minecraft:oak_planks":44,"minecraft:egg":4,"minecraft:furnace":2,"apotheosis:gem":1,"minecraft:pumpkin":3,"patchouli:guide_book":4,"minecraft:green_bed":3,"minecraft:spider_eye":1,"alexsmobs:animal_dictionary":1,"minecraft:tnt":2,"minecraft:rotten_flesh":7,"ars_nouveau:worn_notebook":1,"minecraft:oak_sapling":3,"untamedwilds:flora_yarrow":1,"minecraft:coal":14,"minecraft:cobblestone":17},"minecraft:used":{"minecraft:stone_pickaxe":26,"minecraft:oak_planks":1,"minecraft:wooden_pickaxe":14,"minecraft:green_bed":2,"minecraft:cooked_chicken":5,"minecraft:dirt":36,"minecraft:crafting_table":4,"minecraft:smoker":2,"minecraft:apple":1,"minecraft:stone_axe":80,"minecraft:furnace":1,"tombstone:gift":2,"minecraft:oak_boat":2,"minecraft:egg":1,"minecraft:cooked_beef":3},"minecraft:killed_by":{"grimoireofgaia:cecaelia":1,"minecraft:wolf":1,"iceandfire:fire_dragon":2},"minecraft:killed":{"minecraft:spider":3,"minecraft:creeper":2,"minecraft:trader_llama":4,"minecraft:zombie":1,"minecraft:chicken":8,"minecraft:drowned":1,"minecraft:cow":1},"minecraft:mined":{"minecraft:spruce_planks":3,"minecraft:smoker":2,"minecraft:crafting_table":4,"minecraft:grass_block":5,"iceandfire:ghost_chest":1,"minecraft:oak_planks":1,"minecraft:sugar_cane":9,"untamedwilds:flora_yarrow":1,"minecraft:furnace":2,"minecraft:pumpkin":3,"minecraft:grass":7,"minecraft:oak_log":19,"minecraft:coal_ore":11,"minecraft:vine":1,"minecraft:dirt":12,"minecraft:stone_bricks":2,"minecraft:stone":22,"minecraft:green_bed":3,"minecraft:oak_leaves":7},"minecraft:dropped":{"cyclic:crafting_stick":1,"minecraft:wheat_seeds":1,"minecraft:cooked_chicken":2,"minecraft:tnt":1,"untamedwilds:flora_yarrow":1,"minecraft:feather":7,"minecraft:rotten_flesh":7,"patchouli:guide_book":2,"minecraft:dirt":4,"born_in_chaos_v1:river_mint":3,"minecraft:oak_sapling":3,"tombstone:grave_dust":1,"minecraft:spider_eye":1,"minecraft:wooden_pickaxe":1},"minecraft:custom":{"lootr:looted_stat":2,"minecraft:interact_with_furnace":4,"minecraft:mob_kills":20,"minecraft:interact_with_crafting_table":4,"minecraft:leave_game":5,"minecraft:time_since_death":5116,"minecraft:sleep_in_bed":1,"minecraft:time_since_rest":4561,"minecraft:sprint_one_cm":143699,"minecraft:damage_taken":1498,"minecraft:walk_one_cm":144221,"minecraft:drop":17,"minecraft:damage_dealt":3302,"minecraft:swim_one_cm":29589,"minecraft:talked_to_villager":2,"minecraft:fly_one_cm":190171,"minecraft:crouch_one_cm":898,"minecraft:play_time":58020,"tombstone:undead_killed":2,"minecraft:deaths":4,"minecraft:sneak_time":581,"minecraft:walk_under_water_one_cm":3144,"minecraft:boat_one_cm":74090,"minecraft:jump":868,"minecraft:walk_on_water_one_cm":7094,"minecraft:total_world_time":58020,"minecraft:interact_with_smoker":8,"minecraft:fall_one_cm":17570},"minecraft:crafted":{"minecraft:cooked_beef":3,"minecraft:oak_planks":56,"minecraft:crafting_table":3,"minecraft:wooden_pickaxe":1,"minecraft:cooked_chicken":6,"minecraft:furnace":1,"cyclic:crafting_stick":2,"minecraft:stone_axe":1,"minecraft:air":0,"minecraft:stick":8,"minecraft:stone_pickaxe":1,"minecraft:smoker":1}},"DataVersion":3465}