{"stats":{"minecraft:dropped":{"depthcrawler:whiteshard":1,"minecraft:golden_helmet":1,"ars_nouveau:wilden_spike":4,"biomesoplenty:lavender":35,"alexsmobs:ancient_dart":4,"minecraft:diorite":74,"minecraft:torch":1,"integrateddynamics:on_the_dynamics_of_integration":1,"minecraft:stone_pickaxe":2,"minecraft:wooden_pickaxe":1,"ars_nouveau:source_gem":3},"minecraft:crafted":{"minecraft:cooked_beef":5,"minecraft:oak_planks":20,"minecraft:crafting_table":2,"untamedwilds:food_turtle_cooked":1,"minecraft:wooden_pickaxe":2,"minecraft:cooked_chicken":6,"minecraft:furnace":2,"iceandfire:armor_copper_metal_leggings":1,"minecraft:copper_ingot":20,"minecraft:birch_planks":60,"crafting_on_a_stick:crafting_table":1,"minecraft:stone_axe":1,"iceandfire:armor_copper_metal_helmet":1,"minecraft:air":0,"iceandfire:armor_copper_metal_boots":1,"minecraft:charcoal":3,"minecraft:stick":8,"iceandfire:armor_copper_metal_chestplate":1,"minecraft:stone_pickaxe":3,"minecraft:wooden_axe":1,"minecraft:white_bed":1,"minecraft:dark_oak_planks":4,"minecraft:torch":12,"minecraft:smoker":1},"minecraft:custom":{"lootr:looted_stat":3,"minecraft:interact_with_furnace":27,"minecraft:mob_kills":20,"minecraft:interact_with_crafting_table":3,"minecraft:damage_dealt_resisted":21,"minecraft:time_since_death":15004,"minecraft:sleep_in_bed":2,"minecraft:damage_resisted":0,"minecraft:time_since_rest":353,"minecraft:sprint_one_cm":240220,"minecraft:walk_one_cm":178100,"minecraft:damage_taken":3175,"minecraft:drop":17,"minecraft:damage_dealt":2020,"minecraft:swim_one_cm":16164,"minecraft:talked_to_villager":2,"minecraft:fly_one_cm":713524,"tombstone:undead_killed":1,"minecraft:crouch_one_cm":3309,"minecraft:play_time":83463,"minecraft:deaths":9,"minecraft:sneak_time":1768,"minecraft:walk_under_water_one_cm":1757,"minecraft:jump":2681,"minecraft:walk_on_water_one_cm":3704,"minecraft:total_world_time":83463,"minecraft:interact_with_smoker":7,"minecraft:fall_one_cm":80225},"minecraft:used":{"minecraft:stone_pickaxe":279,"minecraft:wooden_pickaxe":61,"minecraft:cooked_chicken":3,"minecraft:rotten_flesh":2,"minecraft:torch":11,"minecraft:dirt":24,"minecraft:crafting_table":1,"supplementaries:bomb":2,"minecraft:white_bed":1,"minecraft:smoker":3,"minecraft:wooden_axe":1,"iceandfire:armor_copper_metal_chestplate":1,"chococraft:gysahl_green_seeds":1,"minecraft:stone_axe":87,"minecraft:golden_carrot":2,"minecraft:cobblestone":3,"divinerpg:jungle_spider_pumpkin":1,"minecraft:furnace":7,"untamedwilds:food_turtle_cooked":1,"chococraft:gysahl_green":2,"minecraft:cooked_beef":2},"minecraft:killed":{"grimoireofgaia:dullahan":1,"minecraft:pig":1,"minecraft:sheep":4,"minecraft:skeleton":1,"untamedwilds:tortoise":1,"minecraft:chicken":8,"untamedwilds:bison":2},"minecraft:mined":{"minecraft:mossy_cobblestone":22,"minecraft:dark_oak_leaves":67,"minecraft:smoker":3,"minecraft:dark_oak_log":6,"minecraft:torch":2,"minecraft:grass_block":17,"minecraft:cobblestone":1,"minecraft:copper_ore":10,"minecraft:tall_grass":14,"biomesoplenty:sprout":1,"divinerpg:jungle_spider_pumpkin":1,"minecraft:diorite":98,"minecraft:wall_torch":6,"untamedwilds:block_burrow":1,"biomesoplenty:tall_lavender":2,"minecraft:furnace":7,"minecraft:birch_log":15,"minecraft:fire":1,"biomesoplenty:lavender":36,"minecraft:andesite":35,"minecraft:grass":45,"chococraft:gysahl_green":1,"minecraft:coal_ore":29,"minecraft:oak_log":5,"biomesoplenty:redwood_log":44,"minecraft:gravel":74,"minecraft:dirt":182,"minecraft:stone":117,"minecraft:fern":4,"excavated_variants:diorite_coal_ore":12},"minecraft:killed_by":{"undead_revamp2:thehunter":1,"grimoireofgaia:minotaurus":1,"grimoireofgaia:orc":1,"minecraft:skeleton":1,"undead_revamp2:clogger":1,"iceandfire:fire_dragon":1},"minecraft:picked_up":{"biomesoplenty:lavender":31,"biomesoplenty:redwood_log":43,"minecraft:allium":1,"minecraft:feather":9,"grimoireofgaia:soulfire":1,"minecraft:chicken":8,"minecraft:golden_carrot":2,"minecraft:jungle_log":2,"minecraft:andesite":35,"integrateddynamics:on_the_dynamics_of_integration":2,"minecraft:leather":4,"minecraft:smoker":3,"minecraft:flint":9,"minecraft:oak_log":5,"minecraft:dirt":196,"minecraft:raw_copper":38,"untamedwilds:food_turtle_raw":1,"depthcrawler:blackshard":1,"biomesoplenty:tall_lavender":2,"minecraft:bone":7,"chococraft:gysahl_green":2,"minecraft:bow":1,"minecraft:wheat_seeds":5,"mysticalagriculture:inferium_essence":5,"minecraft:beef":7,"minecraft:stone_pickaxe":1,"minecraft:iron_nugget":1,"minecraft:light_gray_wool":1,"minecraft:birch_sapling":6,"untamedwilds:bison_spawn_egg":1,"minecraft:furnace":8,"minecraft:dark_oak_sapling":2,"minecraft:stick":17,"minecraft:copper_ingot":16,"minecraft:torch":9,"potionsmaster:bezoar":1,"minecraft:gravel":65,"chococraft:gysahl_green_seeds":1,"tombstone:grave_dust":1,"minecraft:diorite":83,"depthcrawler:whiteshard":1,"minecraft:dark_oak_log":1,"minecraft:mossy_cobblestone":22,"biomesoplenty:flowering_oak_sapling":2,"crafting_on_a_stick:crafting_table":1,"minecraft:rotten_flesh":2,"gamma_beasts:coal_nugget":7,"biomesoplenty:redwood_sapling":7,"minecraft:oak_sapling":5,"minecraft:birch_log":15,"minecraft:white_wool":3,"minecraft:mutton":2,"minecraft:coal":41,"minecraft:cobblestone":113,"divinerpg:jungle_spider_pumpkin":1}},"DataVersion":3465}