{"stats":{"minecraft:picked_up":{"minecraft:crafting_table":4,"minecraft:feather":7,"born_in_chaos_v1:river_mint":3,"minecraft:chicken":10,"integrateddynamics:on_the_dynamics_of_integration":2,"minecraft:leather":4,"minecraft:lead":4,"minecraft:wooden_pickaxe":1,"minecraft:smoker":3,"minecraft:oak_log":22,"minecraft:dirt":40,"minecraft:string":6,"minecraft:apple":1,"minecraft:gold_nugget":16,"minecraft:wheat_seeds":1,"mysticalagriculture:inferium_essence":7,"minecraft:beef":3,"minecraft:oak_boat":6,"minecraft:iron_nugget":1,"minecraft:sugar_cane":26,"minecraft:oak_planks":45,"minecraft:egg":4,"minecraft:furnace":2,"apotheosis:gem":1,"minecraft:pumpkin":3,"patchouli:guide_book":4,"born_in_chaos_v1:ethereal_spirit":1,"minecraft:green_bed":4,"minecraft:porkchop":2,"minecraft:spider_eye":1,"alexsmobs:animal_dictionary":1,"minecraft:tnt":2,"minecraft:rotten_flesh":7,"minecraft:clay":1,"ars_nouveau:worn_notebook":1,"minecraft:oak_sapling":3,"untamedwilds:flora_yarrow":1,"minecraft:coal":14,"minecraft:cobblestone":17},"minecraft:killed_by":{"grimoireofgaia:cecaelia":1,"minecraft:wolf":1,"iceandfire:cyclops":1,"iceandfire:fire_dragon":2},"minecraft:used":{"minecraft:cooked_mutton":2,"minecraft:stone_pickaxe":28,"minecraft:oak_planks":3,"minecraft:wooden_pickaxe":14,"minecraft:green_bed":4,"minecraft:cooked_chicken":5,"minecraft:dirt":36,"minecraft:crafting_table":5,"minecraft:smoker":4,"minecraft:apple":1,"minecraft:stone_axe":90,"minecraft:furnace":1,"tombstone:gift":2,"minecraft:oak_boat":6,"minecraft:egg":1,"minecraft:cooked_beef":3},"minecraft:killed":{"born_in_chaos_v1:restless_spirit":1,"minecraft:spider":3,"grimoireofgaia:cecaelia":1,"minecraft:creeper":2,"minecraft:trader_llama":4,"minecraft:zombie":1,"minecraft:chicken":8,"minecraft:drowned":1,"minecraft:cow":1},"minecraft:mined":{"minecraft:spruce_planks":3,"minecraft:smoker":3,"minecraft:crafting_table":4,"minecraft:grass_block":5,"iceandfire:ghost_chest":1,"minecraft:oak_planks":2,"minecraft:sugar_cane":11,"untamedwilds:flora_yarrow":1,"minecraft:furnace":2,"minecraft:pumpkin":3,"minecraft:grass":7,"minecraft:oak_log":22,"minecraft:coal_ore":11,"minecraft:vine":1,"minecraft:sand":3,"minecraft:dirt":12,"minecraft:stone_bricks":2,"minecraft:stone":22,"minecraft:green_bed":4,"minecraft:oak_leaves":7},"minecraft:dropped":{"cyclic:crafting_stick":1,"minecraft:clay":1,"minecraft:stone_axe":1,"minecraft:wheat_seeds":1,"minecraft:iron_nugget":1,"minecraft:cooked_chicken":2,"minecraft:tnt":1,"untamedwilds:flora_yarrow":1,"minecraft:feather":7,"minecraft:rotten_flesh":7,"patchouli:guide_book":2,"minecraft:dirt":4,"born_in_chaos_v1:river_mint":3,"minecraft:oak_sapling":3,"tombstone:grave_dust":1,"minecraft:spider_eye":1,"minecraft:wooden_pickaxe":1},"minecraft:custom":{"lootr:looted_stat":3,"minecraft:interact_with_furnace":4,"minecraft:mob_kills":22,"minecraft:interact_with_crafting_table":5,"minecraft:leave_game":5,"minecraft:time_since_death":11657,"minecraft:sleep_in_bed":1,"minecraft:time_since_rest":11085,"minecraft:sprint_one_cm":168370,"minecraft:damage_taken":2159,"minecraft:walk_one_cm":157869,"minecraft:drop":20,"minecraft:damage_dealt":3972,"minecraft:swim_one_cm":29589,"minecraft:talked_to_villager":2,"minecraft:fly_one_cm":226589,"minecraft:crouch_one_cm":1021,"minecraft:play_time":70020,"tombstone:undead_killed":2,"minecraft:deaths":5,"minecraft:sneak_time":645,"minecraft:walk_under_water_one_cm":3655,"minecraft:boat_one_cm":138395,"minecraft:jump":1048,"minecraft:walk_on_water_one_cm":7747,"minecraft:total_world_time":70020,"minecraft:interact_with_smoker":16,"minecraft:fall_one_cm":20168},"minecraft:crafted":{"minecraft:cooked_beef":3,"minecraft:oak_planks":68,"minecraft:crafting_table":4,"minecraft:wooden_pickaxe":1,"minecraft:cooked_chicken":6,"minecraft:furnace":1,"cyclic:crafting_stick":2,"minecraft:stone_axe":1,"minecraft:cooked_mutton":12,"minecraft:air":0,"minecraft:oak_boat":1,"minecraft:stick":8,"minecraft:stone_pickaxe":1,"minecraft:smoker":1}},"DataVersion":3465}