{"stats":{"minecraft:picked_up":{"minecraft:crafting_table":3,"apotheosis:gem":1,"minecraft:feather":3,"minecraft:chicken":5,"patchouli:guide_book":4,"minecraft:leather":2,"integrateddynamics:on_the_dynamics_of_integration":2,"minecraft:wooden_pickaxe":1,"minecraft:lead":4,"minecraft:oak_log":10,"minecraft:string":6,"minecraft:spider_eye":1,"minecraft:dirt":18,"alexsmobs:animal_dictionary":1,"mysticalagriculture:inferium_essence":5,"ars_nouveau:worn_notebook":1,"minecraft:oak_sapling":1,"minecraft:sugar_cane":4,"minecraft:furnace":1,"minecraft:cobblestone":16,"minecraft:egg":4},"minecraft:used":{"minecraft:stone_pickaxe":8,"minecraft:wooden_pickaxe":14,"minecraft:cooked_chicken":3,"minecraft:stone_axe":30,"minecraft:dirt":6,"minecraft:crafting_table":3,"minecraft:furnace":1,"tombstone:gift":2,"minecraft:egg":1},"minecraft:killed_by":{"grimoireofgaia:cecaelia":1,"minecraft:wolf":1},"minecraft:killed":{"minecraft:trader_llama":4,"minecraft:chicken":5,"minecraft:spider":3,"minecraft:drowned":1},"minecraft:mined":{"minecraft:furnace":1,"minecraft:crafting_table":3,"minecraft:grass":5,"minecraft:grass_block":5,"minecraft:oak_log":10,"minecraft:dirt":9,"minecraft:stone":21,"minecraft:sugar_cane":2,"minecraft:oak_leaves":5},"minecraft:dropped":{"cyclic:crafting_stick":1,"minecraft:wooden_pickaxe":1},"minecraft:custom":{"minecraft:time_since_rest":18684,"minecraft:interact_with_furnace":4,"minecraft:sprint_one_cm":63285,"minecraft:damage_taken":760,"minecraft:walk_one_cm":89374,"minecraft:mob_kills":13,"minecraft:drop":2,"minecraft:damage_dealt":2135,"minecraft:swim_one_cm":2422,"minecraft:fly_one_cm":31457,"minecraft:interact_with_crafting_table":2,"minecraft:talked_to_villager":2,"tombstone:undead_killed":1,"minecraft:crouch_one_cm":441,"minecraft:play_time":34020,"minecraft:deaths":2,"minecraft:sneak_time":452,"minecraft:walk_under_water_one_cm":1237,"minecraft:jump":272,"minecraft:leave_game":5,"minecraft:time_since_death":18860,"minecraft:walk_on_water_one_cm":2002,"minecraft:total_world_time":34020,"minecraft:fall_one_cm":3855},"minecraft:crafted":{"minecraft:oak_planks":40,"minecraft:crafting_table":2,"minecraft:stick":8,"minecraft:cooked_chicken":2,"minecraft:wooden_pickaxe":1,"minecraft:stone_pickaxe":1,"minecraft:furnace":1,"cyclic:crafting_stick":2,"minecraft:stone_axe":1,"minecraft:air":0}},"DataVersion":3465}