{"stats":{"minecraft:picked_up":{"integrateddynamics:on_the_dynamics_of_integration":1,"mysticalagriculture:inferium_essence":1,"minecraft:spider_eye":1,"minecraft:dirt":5,"minecraft:string":4,"minecraft:egg":1},"minecraft:killed_by":{"grimoireofgaia:cecaelia":1,"minecraft:wolf":1},"minecraft:used":{"minecraft:dirt":5,"tombstone:gift":2,"minecraft:egg":1},"minecraft:killed":{"minecraft:spider":2},"minecraft:mined":{"minecraft:grass":4,"minecraft:grass_block":2,"minecraft:dirt":3,"minecraft:oak_leaves":1},"minecraft:custom":{"minecraft:time_since_rest":6684,"minecraft:crouch_one_cm":202,"minecraft:sprint_one_cm":21447,"minecraft:play_time":22020,"minecraft:deaths":2,"minecraft:damage_taken":655,"minecraft:walk_one_cm":58991,"minecraft:sneak_time":140,"minecraft:mob_kills":2,"minecraft:jump":76,"minecraft:damage_dealt":376,"minecraft:leave_game":5,"minecraft:walk_on_water_one_cm":1562,"minecraft:time_since_death":6860,"minecraft:total_world_time":22020,"minecraft:fall_one_cm":747,"minecraft:fly_one_cm":4194}},"DataVersion":3465}