{"stats":{"minecraft:used":{"minecraft:cooked_mutton":6,"minecraft:birch_planks":7,"minecraft:stone_pickaxe":118,"minecraft:oak_planks":3,"minecraft:wooden_pickaxe":14,"simplyswords:gold_sai":18,"minecraft:green_bed":6,"minecraft:rotten_flesh":4,"minecraft:cooked_chicken":5,"minecraft:mossy_cobblestone":1,"minecraft:dirt":36,"minecraft:crafting_table":6,"minecraft:smoker":4,"tombstone:bag_of_seeds":1,"born_in_chaos_v1:corpse_maggot":3,"minecraft:wooden_axe":47,"minecraft:apple":3,"minecraft:stone_axe":100,"minecraft:furnace":1,"ars_nouveau:sourceberry_bush":1,"tombstone:gift":2,"minecraft:egg":1,"minecraft:oak_boat":9,"minecraft:cooked_beef":3},"minecraft:killed":{"born_in_chaos_v1:restless_spirit":1,"minecraft:spider":3,"grimoireofgaia:cecaelia":1,"minecraft:creeper":2,"born_in_chaos_v1:decrepit_skeleton":1,"minecraft:trader_llama":4,"born_in_chaos_v1:decaying_zombie":1,"minecraft:zombie":1,"born_in_chaos_v1:corpse_fly":3,"minecraft:chicken":10,"minecraft:drowned":1,"minecraft:cow":1},"minecraft:dropped":{"cyclic:crafting_stick":1,"minecraft:clay":1,"minecraft:stone_axe":1,"minecraft:wheat_seeds":1,"minecraft:iron_nugget":1,"minecraft:cooked_chicken":2,"alexsmobs:animal_dictionary":1,"minecraft:tnt":1,"untamedwilds:flora_yarrow":1,"minecraft:feather":7,"minecraft:rotten_flesh":7,"patchouli:guide_book":2,"minecraft:dirt":4,"ars_nouveau:worn_notebook":1,"born_in_chaos_v1:river_mint":3,"minecraft:oak_sapling":3,"tombstone:grave_dust":1,"minecraft:gold_nugget":3,"minecraft:spider_eye":1,"integrateddynamics:on_the_dynamics_of_integration":1,"minecraft:wooden_pickaxe":1,"minecraft:stone_pickaxe":1},"minecraft:crafted":{"minecraft:cooked_beef":3,"minecraft:oak_planks":72,"minecraft:crafting_table":4,"minecraft:cooked_chicken":9,"minecraft:wooden_pickaxe":1,"minecraft:furnace":1,"minecraft:birch_planks":24,"cyclic:crafting_stick":3,"minecraft:stone_axe":1,"minecraft:cooked_mutton":12,"minecraft:air":0,"minecraft:oak_boat":1,"minecraft:stick":8,"minecraft:stone_pickaxe":1,"minecraft:wooden_axe":1,"minecraft:smoker":1},"minecraft:killed_by":{"grimoireofgaia:cecaelia":1,"minecraft:wolf":1,"iceandfire:cyclops":1,"born_in_chaos_v1:corpse_fly":1,"iceandfire:fire_dragon":2},"minecraft:custom":{"minecraft:interact_with_furnace":4,"lootr:looted_stat":6,"minecraft:mob_kills":29,"minecraft:interact_with_crafting_table":6,"minecraft:pot_flower":1,"minecraft:leave_game":6,"minecraft:time_since_death":3198,"minecraft:sleep_in_bed":3,"minecraft:climb_one_cm":203,"minecraft:time_since_rest":3197,"minecraft:sprint_one_cm":244878,"minecraft:damage_taken":3317,"minecraft:walk_one_cm":209520,"minecraft:drop":27,"minecraft:damage_dealt":4917,"minecraft:swim_one_cm":34792,"minecraft:fly_one_cm":306522,"minecraft:talked_to_villager":4,"minecraft:play_time":95980,"minecraft:crouch_one_cm":1527,"minecraft:sneak_time":897,"tombstone:undead_killed":4,"minecraft:deaths":7,"minecraft:walk_under_water_one_cm":4757,"minecraft:boat_one_cm":168545,"minecraft:jump":1602,"minecraft:walk_on_water_one_cm":12189,"minecraft:total_world_time":95980,"minecraft:interact_with_smoker":19,"minecraft:fall_one_cm":32730},"minecraft:picked_up":{"minecraft:birch_log":11,"born_in_chaos_v1:corpse_maggot":3,"minecraft:crafting_table":6,"minecraft:feather":7,"born_in_chaos_v1:river_mint":3,"minecraft:chicken":12,"integrateddynamics:on_the_dynamics_of_integration":3,"minecraft:leather":4,"minecraft:lead":4,"minecraft:wooden_pickaxe":1,"minecraft:smoker":4,"minecraft:birch_planks":7,"minecraft:oak_log":38,"minecraft:dirt":46,"minecraft:string":6,"minecraft:apple":3,"minecraft:wheat_seeds":1,"mysticalagriculture:inferium_essence":9,"minecraft:gold_nugget":204,"minecraft:beef":3,"minecraft:oak_boat":9,"minecraft:iron_nugget":1,"minecraft:sugar_cane":32,"minecraft:birch_sapling":2,"minecraft:oak_planks":45,"minecraft:furnace":2,"minecraft:egg":4,"minecraft:stick":6,"apotheosis:gem":1,"minecraft:pumpkin":3,"patchouli:guide_book":4,"born_in_chaos_v1:ethereal_spirit":1,"minecraft:green_bed":8,"minecraft:porkchop":2,"minecraft:spider_eye":1,"alexsmobs:animal_dictionary":1,"minecraft:mossy_cobblestone":1,"minecraft:tnt":2,"minecraft:rotten_flesh":7,"minecraft:clay":1,"ars_nouveau:worn_notebook":1,"minecraft:oak_sapling":8,"untamedwilds:flora_yarrow":1,"minecraft:coal":14,"minecraft:bone_block":51,"minecraft:cobblestone":33},"minecraft:mined":{"minecraft:spruce_planks":3,"minecraft:mossy_cobblestone":1,"minecraft:smoker":4,"minecraft:crafting_table":6,"minecraft:grass_block":11,"iceandfire:ghost_chest":1,"minecraft:oak_planks":2,"minecraft:sugar_cane":15,"minecraft:birch_planks":7,"untamedwilds:flora_yarrow":1,"minecraft:furnace":2,"minecraft:birch_log":11,"minecraft:birch_leaves":3,"minecraft:pumpkin":3,"minecraft:grass":7,"minecraft:coal_ore":11,"minecraft:oak_log":47,"minecraft:vine":1,"iceandfire:gold_pile":20,"minecraft:sand":3,"minecraft:dirt":12,"minecraft:stone_bricks":2,"minecraft:stone":38,"minecraft:bone_block":51,"minecraft:oak_leaves":11,"minecraft:green_bed":8}},"DataVersion":3465}