{"stats":{"minecraft:dropped":{"depthcrawler:whiteshard":1,"biomesoplenty:lavender":35,"minecraft:diorite":1,"minecraft:torch":1,"integrateddynamics:on_the_dynamics_of_integration":1,"minecraft:stone_pickaxe":2,"minecraft:wooden_pickaxe":1},"minecraft:crafted":{"minecraft:cooked_beef":5,"minecraft:oak_planks":20,"minecraft:crafting_table":1,"untamedwilds:food_turtle_cooked":1,"minecraft:wooden_pickaxe":1,"minecraft:cooked_chicken":6,"minecraft:furnace":2,"iceandfire:armor_copper_metal_leggings":1,"minecraft:copper_ingot":20,"crafting_on_a_stick:crafting_table":1,"minecraft:stone_axe":1,"iceandfire:armor_copper_metal_helmet":1,"minecraft:air":0,"iceandfire:armor_copper_metal_boots":1,"minecraft:charcoal":3,"minecraft:stick":4,"iceandfire:armor_copper_metal_chestplate":1,"minecraft:stone_pickaxe":3,"minecraft:dark_oak_planks":4,"minecraft:torch":12,"minecraft:smoker":1},"minecraft:custom":{"minecraft:interact_with_furnace":27,"minecraft:mob_kills":14,"minecraft:interact_with_crafting_table":1,"minecraft:damage_dealt_resisted":21,"minecraft:time_since_death":3548,"minecraft:time_since_rest":1149,"minecraft:sprint_one_cm":130725,"minecraft:walk_one_cm":142053,"minecraft:damage_taken":1646,"minecraft:drop":8,"minecraft:damage_dealt":1837,"minecraft:swim_one_cm":5895,"minecraft:talked_to_villager":2,"minecraft:fly_one_cm":298144,"tombstone:undead_killed":1,"minecraft:crouch_one_cm":1332,"minecraft:play_time":53463,"minecraft:deaths":4,"minecraft:sneak_time":907,"minecraft:walk_under_water_one_cm":780,"minecraft:jump":1346,"minecraft:walk_on_water_one_cm":1657,"minecraft:total_world_time":53463,"minecraft:interact_with_smoker":7,"minecraft:fall_one_cm":27760},"minecraft:used":{"minecraft:stone_pickaxe":279,"minecraft:wooden_pickaxe":57,"minecraft:cooked_chicken":3,"minecraft:torch":8,"minecraft:dirt":12,"minecraft:smoker":3,"iceandfire:armor_copper_metal_chestplate":1,"chococraft:gysahl_green_seeds":1,"minecraft:stone_axe":87,"minecraft:cobblestone":3,"minecraft:furnace":7,"untamedwilds:food_turtle_cooked":1,"chococraft:gysahl_green":2,"minecraft:cooked_beef":2},"minecraft:killed":{"grimoireofgaia:dullahan":1,"minecraft:pig":1,"minecraft:skeleton":1,"untamedwilds:tortoise":1,"minecraft:chicken":6,"untamedwilds:bison":2},"minecraft:mined":{"minecraft:mossy_cobblestone":22,"minecraft:dark_oak_leaves":67,"minecraft:smoker":3,"minecraft:dark_oak_log":6,"minecraft:torch":1,"minecraft:grass_block":12,"minecraft:cobblestone":1,"minecraft:copper_ore":10,"minecraft:tall_grass":6,"minecraft:diorite":98,"minecraft:wall_torch":5,"untamedwilds:block_burrow":1,"biomesoplenty:tall_lavender":2,"minecraft:furnace":7,"minecraft:fire":1,"biomesoplenty:lavender":36,"minecraft:andesite":35,"minecraft:grass":37,"chococraft:gysahl_green":1,"minecraft:coal_ore":29,"minecraft:oak_log":5,"biomesoplenty:redwood_log":44,"minecraft:gravel":74,"minecraft:dirt":162,"minecraft:stone":117,"excavated_variants:diorite_coal_ore":12},"minecraft:killed_by":{"undead_revamp2:thehunter":1,"grimoireofgaia:orc":1,"undead_revamp2:clogger":1,"iceandfire:fire_dragon":1},"minecraft:picked_up":{"biomesoplenty:lavender":31,"biomesoplenty:redwood_log":43,"minecraft:feather":7,"grimoireofgaia:soulfire":1,"minecraft:chicken":6,"minecraft:jungle_log":2,"minecraft:andesite":35,"integrateddynamics:on_the_dynamics_of_integration":2,"minecraft:leather":4,"minecraft:smoker":3,"minecraft:flint":9,"minecraft:oak_log":5,"minecraft:dirt":168,"minecraft:raw_copper":38,"untamedwilds:food_turtle_raw":1,"biomesoplenty:tall_lavender":2,"minecraft:bone":7,"chococraft:gysahl_green":2,"minecraft:bow":1,"minecraft:wheat_seeds":3,"mysticalagriculture:inferium_essence":4,"minecraft:beef":7,"minecraft:stone_pickaxe":1,"minecraft:iron_nugget":1,"untamedwilds:bison_spawn_egg":1,"minecraft:furnace":8,"minecraft:dark_oak_sapling":2,"minecraft:stick":14,"minecraft:copper_ingot":16,"minecraft:torch":6,"minecraft:gravel":65,"chococraft:gysahl_green_seeds":1,"tombstone:grave_dust":1,"minecraft:diorite":1,"depthcrawler:whiteshard":1,"minecraft:dark_oak_log":1,"minecraft:mossy_cobblestone":22,"biomesoplenty:flowering_oak_sapling":2,"crafting_on_a_stick:crafting_table":1,"minecraft:rotten_flesh":2,"gamma_beasts:coal_nugget":7,"biomesoplenty:redwood_sapling":7,"minecraft:oak_sapling":5,"minecraft:coal":41,"minecraft:cobblestone":113}},"DataVersion":3465}