{"stats":{"minecraft:dropped":{"depthcrawler:whiteshard":1,"minecraft:iron_sword":1,"minecraft:golden_helmet":1,"minecraft:glass_bottle":1,"biomesoplenty:lavender":35,"minecraft:diorite":74,"minecraft:torch":1,"depthcrawler:blackshard":1,"ars_nouveau:wilden_wing":2,"ars_nouveau:source_gem":3,"ars_nouveau:wilden_spike":4,"alexsmobs:ancient_dart":4,"minecraft:oak_sapling":1,"integrateddynamics:on_the_dynamics_of_integration":1,"minecraft:wooden_pickaxe":1,"minecraft:stone_pickaxe":2},"minecraft:crafted":{"minecraft:oak_planks":20,"untamedwilds:food_turtle_cooked":1,"minecraft:cooked_chicken":6,"minecraft:furnace":3,"iceandfire:armor_copper_metal_leggings":1,"minecraft:cooked_mutton":3,"iceandfire:armor_copper_metal_boots":1,"iceandfire:armor_copper_metal_helmet":1,"minecraft:stone_pickaxe":4,"iceandfire:armor_copper_metal_chestplate":1,"minecraft:dark_oak_planks":4,"minecraft:smoker":1,"minecraft:cooked_beef":5,"minecraft:crafting_table":2,"minecraft:wooden_pickaxe":2,"minecraft:copper_ingot":21,"minecraft:birch_planks":60,"crafting_on_a_stick:crafting_table":1,"minecraft:stone_axe":2,"minecraft:air":0,"minecraft:charcoal":3,"minecraft:stick":12,"minecraft:wooden_axe":1,"minecraft:white_bed":1,"minecraft:torch":12},"minecraft:custom":{"lootr:looted_stat":3,"minecraft:mob_kills":31,"minecraft:interact_with_crafting_table":8,"minecraft:damage_dealt_resisted":21,"minecraft:leave_game":1,"minecraft:time_since_death":3076,"minecraft:damage_resisted":0,"minecraft:sprint_one_cm":267436,"minecraft:walk_one_cm":206752,"minecraft:drop":22,"minecraft:talked_to_villager":2,"minecraft:play_time":98025,"minecraft:deaths":10,"minecraft:sneak_time":2205,"minecraft:walk_under_water_one_cm":1910,"minecraft:jump":3071,"minecraft:walk_on_water_one_cm":5238,"minecraft:total_world_time":98025,"minecraft:interact_with_furnace":37,"minecraft:sleep_in_bed":2,"minecraft:time_since_rest":2668,"minecraft:damage_taken":3499,"minecraft:damage_dealt":3536,"minecraft:swim_one_cm":23154,"minecraft:fly_one_cm":842777,"minecraft:crouch_one_cm":4009,"tombstone:undead_killed":3,"minecraft:interact_with_smoker":7,"minecraft:fall_one_cm":111453},"minecraft:killed":{"divinerpg:cyclops":1,"undead_revamp2:theswarmer":1,"minecraft:skeleton":1,"minecraft:chicken":14,"born_in_chaos_v1:fallen_chaos_knight":1,"grimoireofgaia:dullahan":1,"minecraft:pig":1,"minecraft:sheep":6,"untamedwilds:tortoise":1,"untamedwilds:bison":2},"minecraft:used":{"minecraft:flint_and_steel":2,"minecraft:cooked_chicken":3,"minecraft:rotten_flesh":2,"minecraft:torch":11,"minecraft:dirt":37,"minecraft:wooden_axe":1,"minecraft:golden_carrot":2,"divinerpg:jungle_spider_pumpkin":1,"minecraft:furnace":9,"untamedwilds:food_turtle_cooked":1,"minecraft:egg":1,"minecraft:cooked_beef":2,"minecraft:cooked_mutton":5,"minecraft:stone_pickaxe":283,"minecraft:wooden_pickaxe":80,"minecraft:crafting_table":1,"supplementaries:bomb":2,"minecraft:white_bed":3,"minecraft:smoker":3,"iceandfire:armor_copper_metal_chestplate":1,"chococraft:gysahl_green_seeds":1,"minecraft:stone_axe":124,"minecraft:cobblestone":3,"minecraft:potion":1,"chococraft:gysahl_green":2},"minecraft:mined":{"minecraft:white_bed":3,"minecraft:mossy_cobblestone":22,"minecraft:dark_oak_leaves":67,"minecraft:dark_oak_log":6,"minecraft:allium":1,"minecraft:grass_block":20,"divinerpg:jungle_spider_pumpkin":1,"biomesoplenty:tall_lavender":2,"minecraft:furnace":8,"minecraft:fire":2,"biomesoplenty:lavender":36,"minecraft:andesite":35,"chococraft:gysahl_green":1,"biomesoplenty:redwood_log":44,"minecraft:stone":135,"minecraft:smoker":3,"minecraft:crafting_table":1,"minecraft:torch":2,"minecraft:tall_grass":14,"minecraft:copper_ore":12,"minecraft:cobblestone":1,"biomesoplenty:sprout":1,"minecraft:diorite":98,"minecraft:wall_torch":6,"untamedwilds:block_burrow":1,"minecraft:birch_log":15,"minecraft:grass":52,"minecraft:oak_log":5,"minecraft:coal_ore":29,"minecraft:gravel":74,"minecraft:dirt":204,"minecraft:fern":4,"excavated_variants:diorite_coal_ore":12},"minecraft:killed_by":{"grimoireofgaia:orc":1,"undead_revamp2:clogger":1,"undead_revamp2:thehunter":1,"grimoireofgaia:minotaurus":1,"minecraft:skeleton":1,"iceandfire:fire_dragon":2},"minecraft:picked_up":{"divinerpg:jungle_spider_pumpkin":1,"biomesoplenty:redwood_log":43,"minecraft:crafting_table":1,"minecraft:allium":1,"grimoireofgaia:soulfire":1,"minecraft:chicken":14,"minecraft:raw_copper":45,"biomesoplenty:tall_lavender":2,"depthcrawler:blackshard":1,"mysticalagriculture:inferium_essence":7,"minecraft:beef":7,"minecraft:iron_nugget":1,"minecraft:light_gray_wool":1,"untamedwilds:bison_spawn_egg":1,"minecraft:birch_sapling":6,"minecraft:egg":1,"minecraft:furnace":9,"minecraft:dark_oak_sapling":2,"minecraft:stick":17,"minecraft:copper_ingot":16,"minecraft:torch":9,"potionsmaster:bezoar":1,"tombstone:grave_dust":1,"minecraft:diorite":83,"born_in_chaos_v1:pieceofdarkmetal":3,"depthcrawler:whiteshard":1,"crafting_on_a_stick:crafting_table":1,"minecraft:rotten_flesh":7,"gamma_beasts:coal_nugget":7,"minecraft:gold_ingot":1,"biomesoplenty:redwood_sapling":7,"minecraft:mutton":5,"minecraft:white_wool":4,"minecraft:cobblestone":131,"minecraft:birch_log":15,"biomesoplenty:lavender":31,"minecraft:feather":15,"minecraft:golden_carrot":2,"minecraft:andesite":35,"minecraft:jungle_log":2,"minecraft:leather":4,"integrateddynamics:on_the_dynamics_of_integration":2,"minecraft:smoker":3,"minecraft:flint":9,"minecraft:oak_log":5,"minecraft:dirt":221,"untamedwilds:food_turtle_raw":1,"minecraft:cooked_mutton":2,"minecraft:bone":7,"chococraft:gysahl_green":2,"minecraft:bow":1,"minecraft:wheat_seeds":6,"minecraft:stone_pickaxe":1,"minecraft:glass_bottle":1,"minecraft:iron_sword":1,"minecraft:gravel":65,"chococraft:gysahl_green_seeds":1,"minecraft:white_bed":3,"minecraft:dark_oak_log":1,"minecraft:mossy_cobblestone":22,"biomesoplenty:flowering_oak_sapling":2,"minecraft:stone_axe":3,"undead_revamp2:beespheromones":1,"minecraft:oak_sapling":6,"minecraft:black_wool":1,"minecraft:coal":41}},"DataVersion":3465}