{"stats":{"minecraft:dropped":{"integrateddynamics:on_the_dynamics_of_integration":1},"minecraft:custom":{"minecraft:time_since_rest":6161,"minecraft:crouch_one_cm":28,"minecraft:walk_one_cm":49609,"minecraft:play_time":17463,"minecraft:sprint_one_cm":27511,"minecraft:damage_taken":643,"minecraft:deaths":2,"minecraft:sneak_time":190,"minecraft:walk_under_water_one_cm":99,"minecraft:mob_kills":2,"minecraft:drop":1,"minecraft:damage_dealt_resisted":21,"minecraft:jump":357,"minecraft:damage_dealt":139,"minecraft:walk_on_water_one_cm":442,"minecraft:time_since_death":7493,"minecraft:total_world_time":17463,"minecraft:swim_one_cm":2698,"minecraft:fall_one_cm":6288,"minecraft:fly_one_cm":57854},"minecraft:killed":{"minecraft:pig":1},"minecraft:used":{"minecraft:dirt":4},"minecraft:mined":{"minecraft:grass_block":7,"minecraft:grass":7,"minecraft:dirt":6,"minecraft:fire":1,"minecraft:tall_grass":1},"minecraft:picked_up":{"integrateddynamics:on_the_dynamics_of_integration":2,"minecraft:wheat_seeds":1,"mysticalagriculture:inferium_essence":1,"minecraft:dirt":13},"minecraft:killed_by":{"undead_revamp2:thehunter":1,"grimoireofgaia:orc":1}},"DataVersion":3465}