{"stats":{"minecraft:dropped":{"integrateddynamics:on_the_dynamics_of_integration":1,"minecraft:wooden_pickaxe":1},"minecraft:crafted":{"minecraft:cooked_beef":5,"minecraft:oak_planks":20,"minecraft:crafting_table":1,"minecraft:wooden_pickaxe":1,"minecraft:cooked_chicken":6,"minecraft:furnace":2,"crafting_on_a_stick:crafting_table":1,"minecraft:stone_axe":1,"minecraft:air":0,"minecraft:stick":4,"minecraft:stone_pickaxe":1,"minecraft:smoker":1},"minecraft:custom":{"minecraft:mob_kills":10,"minecraft:interact_with_crafting_table":1,"minecraft:damage_dealt_resisted":21,"minecraft:time_since_death":6454,"minecraft:time_since_rest":4463,"minecraft:sprint_one_cm":64956,"minecraft:walk_one_cm":74789,"minecraft:damage_taken":1126,"minecraft:drop":2,"minecraft:damage_dealt":746,"minecraft:swim_one_cm":4588,"minecraft:talked_to_villager":2,"minecraft:fly_one_cm":171082,"minecraft:crouch_one_cm":256,"minecraft:play_time":29463,"minecraft:deaths":3,"minecraft:sneak_time":363,"minecraft:walk_under_water_one_cm":587,"minecraft:jump":783,"minecraft:walk_on_water_one_cm":907,"minecraft:total_world_time":29463,"minecraft:interact_with_smoker":5,"minecraft:fall_one_cm":13628},"minecraft:used":{"minecraft:stone_pickaxe":11,"minecraft:wooden_pickaxe":57,"minecraft:cooked_chicken":1,"minecraft:dirt":4,"minecraft:smoker":2,"chococraft:gysahl_green_seeds":1,"minecraft:stone_axe":41,"minecraft:furnace":1,"chococraft:gysahl_green":2},"minecraft:killed":{"minecraft:pig":1,"untamedwilds:tortoise":1,"minecraft:chicken":6,"untamedwilds:bison":1},"minecraft:mined":{"minecraft:dark_oak_leaves":67,"minecraft:smoker":2,"minecraft:dark_oak_log":6,"minecraft:grass_block":11,"minecraft:tall_grass":6,"untamedwilds:block_burrow":1,"biomesoplenty:tall_lavender":2,"minecraft:furnace":1,"minecraft:fire":1,"biomesoplenty:lavender":36,"minecraft:andesite":35,"minecraft:grass":29,"chococraft:gysahl_green":1,"minecraft:oak_log":5,"biomesoplenty:redwood_log":18,"minecraft:dirt":15,"minecraft:stone":29},"minecraft:killed_by":{"undead_revamp2:thehunter":1,"grimoireofgaia:orc":1,"undead_revamp2:clogger":1},"minecraft:picked_up":{"biomesoplenty:lavender":31,"biomesoplenty:redwood_log":17,"minecraft:feather":7,"minecraft:chicken":6,"minecraft:andesite":35,"integrateddynamics:on_the_dynamics_of_integration":2,"minecraft:leather":2,"minecraft:smoker":2,"minecraft:oak_log":5,"minecraft:dirt":25,"untamedwilds:food_turtle_raw":1,"biomesoplenty:tall_lavender":2,"minecraft:bone":4,"chococraft:gysahl_green":2,"minecraft:wheat_seeds":3,"mysticalagriculture:inferium_essence":2,"minecraft:beef":5,"untamedwilds:bison_spawn_egg":1,"minecraft:furnace":2,"minecraft:dark_oak_sapling":2,"minecraft:stick":8,"chococraft:gysahl_green_seeds":1,"minecraft:dark_oak_log":1,"biomesoplenty:flowering_oak_sapling":2,"crafting_on_a_stick:crafting_table":1,"biomesoplenty:redwood_sapling":2,"minecraft:oak_sapling":5,"minecraft:cobblestone":31}},"DataVersion":3465}